booking_id,booking_date,check_in_date,check_out_date,hotel_type,room_type,adults,children,nights,price_per_night,total_amount,booking_status
JED0001,1/11/2025,1/14/2025,1/19/2025,City,Deluxe,3,1,5,590,2950,Cancelled
JED0002,12/10/2025,12/31/2025,1/2/2026,Resort,Deluxe,2,3,2,994,1988,Checked-out
JED0003,9/14/2025,9/29/2025,10/5/2025,City,Deluxe,2,3,6,742,4452,Checked-out
JED0004,6/28/2025,7/13/2025,7/16/2025,City,Standard,2,2,3,385,1155,Cancelled
JED0005,1/15/2025,1/21/2025,1/24/2025,City,Suite,1,1,3,1239,3717,Checked-out
JED0006,12/11/2024,12/14/2024,12/18/2024,Resort,Standard,1,1,4,547,2188,Checked-out
JED0007,4/7/2025,4/26/2025,4/30/2025,Resort,Standard,2,0,4,502,2008,Checked-out
JED0008,10/21/2024,10/31/2024,11/4/2024,City,Executive,2,1,4,954,3816,Cancelled
JED0009,1/11/2025,1/15/2025,1/17/2025,City,Suite,4,0,2,1152,2304,Checked-out
JED0010,1/30/2025,3/1/2025,3/7/2025,Resort,Standard,2,0,6,619,3714,Checked-out
JED0011,1/10/2026,1/20/2026,1/23/2026,City,Standard,1,1,3,371,1113,Checked-out
JED0012,5/3/2025,5/12/2025,5/14/2025,Resort,Standard,3,0,2,567,1134,Checked-out
JED0013,8/27/2025,9/24/2025,10/1/2025,Resort,Standard,2,0,7,467,3269,Cancelled
JED0014,1/2/2026,1/30/2026,2/7/2026,City,Standard,2,2,8,353,2824,Checked-out
JED0015,12/27/2024,12/31/2024,1/6/2025,Resort,Standard,2,0,6,459,2754,Checked-out
JED0016,10/8/2025,11/1/2025,11/7/2025,City,Deluxe,4,0,6,747,4482,Cancelled
JED0017,1/8/2025,2/1/2025,2/6/2025,Resort,Suite,3,2,5,1619,8095,Checked-out
JED0018,9/25/2025,9/30/2025,10/4/2025,Resort,Deluxe,2,1,4,952,3808,Checked-out
JED0019,3/1/2025,3/30/2025,4/1/2025,Resort,Suite,2,0,2,1489,2978,Checked-out
JED0020,2/8/2025,2/28/2025,3/3/2025,City,Standard,4,0,3,376,1128,Checked-out
JED0021,2/27/2025,3/13/2025,3/16/2025,Resort,Family,2,0,3,906,2718,Checked-out
JED0022,8/5/2025,8/8/2025,8/11/2025,City,Executive,1,2,3,841,2523,Cancelled
JED0023,6/15/2025,7/9/2025,7/14/2025,City,Executive,2,1,5,866,4330,Checked-out
JED0024,9/9/2025,9/23/2025,9/27/2025,City,Executive,2,0,4,969,3876,Checked-out
JED0025,11/18/2025,11/25/2025,11/27/2025,City,Family,2,0,2,758,1516,Checked-out
JED0026,7/21/2025,8/19/2025,8/22/2025,City,Deluxe,2,0,3,567,1701,Checked-out
JED0027,10/21/2025,11/17/2025,11/22/2025,Resort,Standard,2,3,5,461,2305,Checked-out
JED0028,4/10/2025,4/29/2025,5/1/2025,Resort,Deluxe,1,0,2,772,1544,Checked-out
JED0029,12/18/2025,1/5/2026,1/11/2026,City,Suite,3,1,6,1070,6420,Cancelled
JED0030,7/4/2025,7/21/2025,7/25/2025,Resort,Suite,2,0,4,1677,6708,Checked-out
JED0031,3/10/2025,4/4/2025,4/8/2025,City,Deluxe,2,1,4,676,2704,Checked-out
JED0032,1/3/2026,1/20/2026,1/24/2026,Resort,Standard,2,2,4,588,2352,Checked-out
JED0033,8/10/2025,8/17/2025,8/23/2025,Resort,Deluxe,2,1,6,868,5208,Cancelled
JED0034,10/22/2024,11/14/2024,11/17/2024,City,Family,1,0,3,718,2154,Checked-out
JED0035,6/10/2025,6/26/2025,7/1/2025,Resort,Deluxe,1,1,5,774,3870,Checked-out
JED0036,5/24/2025,5/28/2025,6/1/2025,City,Deluxe,3,1,4,723,2892,Checked-out
JED0037,9/10/2025,9/23/2025,9/26/2025,City,Standard,4,0,3,433,1299,Cancelled
JED0038,11/18/2024,12/9/2024,12/15/2024,Resort,Deluxe,2,2,6,790,4740,Checked-out
JED0039,1/18/2026,1/27/2026,2/1/2026,City,Executive,1,1,5,903,4515,Checked-out
JED0040,11/28/2024,12/6/2024,12/11/2024,City,Suite,2,2,5,1095,5475,Checked-out
JED0041,3/19/2025,4/18/2025,4/24/2025,City,Suite,3,1,6,1141,6846,Checked-out
JED0042,1/19/2026,1/23/2026,1/29/2026,Resort,Deluxe,3,0,6,994,5964,Checked-out
JED0043,4/6/2025,4/14/2025,4/19/2025,City,Deluxe,1,0,5,665,3325,Checked-out
JED0044,1/7/2026,1/27/2026,2/2/2026,City,Standard,1,0,6,404,2424,Checked-out
JED0045,6/28/2025,7/2/2025,7/7/2025,Resort,Suite,3,2,5,1284,6420,Cancelled
JED0046,4/8/2025,4/28/2025,5/3/2025,Resort,Deluxe,2,1,5,762,3810,Cancelled
JED0047,12/20/2025,1/6/2026,1/10/2026,City,Deluxe,2,1,4,589,2356,Checked-out
JED0048,3/24/2025,4/22/2025,4/27/2025,City,Deluxe,1,0,5,558,2790,Checked-out
JED0049,12/20/2025,1/10/2026,1/12/2026,City,Family,2,0,2,804,1608,Checked-out
JED0050,11/20/2024,11/24/2024,12/1/2024,City,Standard,3,1,7,426,2982,Checked-out
JED0051,9/29/2025,10/21/2025,10/27/2025,City,Executive,4,0,6,801,4806,Checked-out
JED0052,11/24/2024,12/21/2024,12/22/2024,Resort,Standard,2,0,1,594,594,Checked-out
JED0053,6/1/2025,6/9/2025,6/15/2025,Resort,Deluxe,2,1,6,786,4716,Checked-out
JED0054,8/16/2025,8/19/2025,8/21/2025,Resort,Standard,1,0,2,507,1014,Checked-out
JED0055,2/8/2025,3/6/2025,3/9/2025,City,Standard,2,0,3,369,1107,Checked-out
JED0056,8/3/2025,8/20/2025,8/25/2025,Resort,Deluxe,2,0,5,843,4215,Checked-out
JED0057,2/12/2025,3/14/2025,3/16/2025,City,Standard,2,0,2,370,740,Checked-out
JED0058,10/21/2024,11/15/2024,11/21/2024,Resort,Deluxe,2,3,6,874,5244,Checked-out
JED0059,8/25/2025,9/6/2025,9/12/2025,Resort,Family,2,0,6,984,5904,Cancelled
JED0060,3/16/2025,4/6/2025,4/10/2025,City,Standard,1,0,4,458,1832,Checked-out
JED0061,7/1/2025,7/20/2025,7/21/2025,Resort,Suite,2,0,1,1287,1287,Checked-out
JED0062,10/23/2025,10/30/2025,11/2/2025,City,Deluxe,1,1,3,580,1740,Checked-out
JED0063,12/28/2024,1/3/2025,1/7/2025,Resort,Suite,2,0,4,1285,5140,Checked-out
JED0064,8/12/2025,8/24/2025,9/3/2025,City,Standard,4,1,10,415,4150,Cancelled
JED0065,10/14/2024,11/9/2024,11/13/2024,City,Standard,2,0,4,346,1384,Checked-out
JED0066,5/30/2025,6/18/2025,6/21/2025,Resort,Standard,2,0,3,594,1782,Checked-out
JED0067,6/22/2025,7/4/2025,7/8/2025,City,Standard,3,0,4,401,1604,Checked-out
JED0068,9/11/2025,9/30/2025,10/4/2025,Resort,Standard,4,2,4,544,2176,Checked-out
JED0069,11/22/2024,12/22/2024,12/27/2024,City,Suite,2,2,5,1120,5600,Cancelled
JED0070,10/21/2025,11/12/2025,11/14/2025,Resort,Executive,3,0,2,1095,2190,Checked-out
JED0071,9/5/2025,10/1/2025,10/6/2025,Resort,Executive,2,0,5,1104,5520,Checked-out
JED0072,12/31/2024,1/7/2025,1/11/2025,City,Suite,2,2,4,1040,4160,Checked-out
JED0073,10/2/2025,10/6/2025,10/15/2025,City,Standard,2,0,9,411,3699,Checked-out
JED0074,12/18/2025,12/26/2025,12/29/2025,City,Standard,2,2,3,365,1095,Checked-out
JED0075,12/29/2025,1/21/2026,1/25/2026,City,Standard,2,0,4,353,1412,Checked-out
JED0076,12/2/2025,12/6/2025,12/14/2025,City,Standard,2,2,8,456,3648,Checked-out
JED0077,6/21/2025,7/6/2025,7/8/2025,Resort,Deluxe,1,1,2,751,1502,Checked-out
JED0078,12/5/2025,12/18/2025,12/26/2025,Resort,Deluxe,2,2,8,957,7656,Cancelled
JED0079,11/4/2024,11/17/2024,11/22/2024,Resort,Deluxe,1,1,5,953,4765,Checked-out
JED0080,4/24/2025,5/12/2025,5/14/2025,Resort,Deluxe,2,0,2,824,1648,Checked-out
JED0081,12/20/2024,1/2/2025,1/5/2025,Resort,Executive,2,2,3,1082,3246,Checked-out
JED0082,11/24/2025,12/15/2025,12/20/2025,Resort,Suite,3,0,5,1327,6635,Checked-out
JED0083,11/19/2024,12/6/2024,12/8/2024,City,Standard,3,0,2,423,846,Checked-out
JED0084,9/25/2025,10/22/2025,10/26/2025,Resort,Executive,3,1,4,1267,5068,Checked-out
JED0085,10/23/2025,11/17/2025,11/20/2025,Resort,Family,2,1,3,1098,3294,Checked-out
JED0086,10/2/2024,10/27/2024,10/31/2024,City,Standard,3,2,4,452,1808,Checked-out
JED0087,10/25/2025,11/12/2025,11/13/2025,City,Deluxe,2,0,1,687,687,Checked-out
JED0088,11/23/2024,12/6/2024,12/12/2024,City,Deluxe,2,1,6,582,3492,Checked-out
JED0089,1/14/2025,2/7/2025,2/16/2025,City,Family,1,1,9,692,6228,Checked-out
JED0090,6/17/2025,7/5/2025,7/14/2025,Resort,Executive,2,0,9,1339,12051,Checked-out
JED0091,8/6/2025,8/16/2025,8/21/2025,City,Standard,2,0,5,365,1825,Cancelled
JED0092,1/20/2026,1/26/2026,1/28/2026,City,Deluxe,2,0,2,566,1132,Cancelled
JED0093,4/9/2025,4/19/2025,4/24/2025,Resort,Deluxe,3,0,5,931,4655,Checked-out
JED0094,11/6/2025,11/12/2025,11/13/2025,City,Deluxe,2,3,1,630,630,Checked-out
JED0095,5/6/2025,6/1/2025,6/2/2025,City,Standard,1,1,1,450,450,Checked-out
JED0096,11/13/2024,12/10/2024,12/13/2024,City,Executive,4,1,3,940,2820,Checked-out
JED0097,3/11/2025,3/16/2025,3/20/2025,Resort,Suite,1,3,4,1302,5208,Cancelled
JED0098,4/20/2025,4/25/2025,4/30/2025,Resort,Executive,2,0,5,1378,6890,Checked-out
JED0099,12/20/2025,1/18/2026,1/23/2026,City,Executive,2,2,5,834,4170,Checked-out
JED0100,6/27/2025,7/17/2025,7/20/2025,Resort,Suite,2,0,3,1412,4236,Checked-out
JED0101,9/16/2025,10/14/2025,10/17/2025,City,Deluxe,1,2,3,630,1890,Checked-out
JED0102,7/31/2025,8/21/2025,8/31/2025,Resort,Deluxe,1,0,10,759,7590,Checked-out
JED0103,6/28/2025,7/19/2025,7/22/2025,Resort,Standard,1,2,3,539,1617,Checked-out
JED0104,12/30/2025,1/22/2026,1/26/2026,Resort,Suite,2,0,4,1317,5268,Checked-out
JED0105,1/5/2026,1/12/2026,1/14/2026,City,Standard,2,0,2,388,776,Checked-out
JED0106,5/3/2025,5/23/2025,5/28/2025,Resort,Suite,2,1,5,1418,7090,Checked-out
JED0107,6/9/2025,7/9/2025,7/14/2025,Resort,Standard,2,0,5,584,2920,Checked-out
JED0108,4/8/2025,4/20/2025,4/23/2025,City,Standard,3,1,3,436,1308,Checked-out
JED0109,7/23/2025,8/16/2025,8/18/2025,Resort,Standard,1,0,2,483,966,Checked-out
JED0110,5/1/2025,5/24/2025,5/29/2025,City,Standard,2,1,5,383,1915,Checked-out
JED0111,4/26/2025,5/4/2025,5/9/2025,Resort,Suite,2,0,5,1428,7140,Cancelled
JED0112,5/25/2025,5/28/2025,5/31/2025,City,Suite,2,0,3,984,2952,Cancelled
JED0113,9/3/2025,9/10/2025,9/18/2025,Resort,Deluxe,2,0,8,956,7648,Cancelled
JED0114,10/2/2025,10/13/2025,10/15/2025,City,Standard,2,0,2,424,848,Checked-out
JED0115,11/22/2024,12/6/2024,12/9/2024,City,Standard,3,0,3,362,1086,Checked-out
JED0116,7/7/2025,8/4/2025,8/12/2025,City,Standard,3,0,8,384,3072,Checked-out
JED0117,11/14/2025,11/30/2025,12/3/2025,City,Standard,2,0,3,352,1056,Cancelled
JED0118,5/5/2025,5/9/2025,5/13/2025,City,Executive,3,0,4,934,3736,Cancelled
JED0119,6/9/2025,6/28/2025,7/1/2025,City,Standard,2,1,3,354,1062,Cancelled
JED0120,4/6/2025,4/22/2025,4/25/2025,City,Deluxe,2,2,3,744,2232,Checked-out
JED0121,10/15/2025,11/12/2025,11/22/2025,City,Standard,2,0,10,433,4330,Cancelled
JED0122,11/10/2024,11/25/2024,11/28/2024,City,Standard,2,1,3,386,1158,Checked-out
JED0123,3/6/2025,4/4/2025,4/11/2025,Resort,Deluxe,3,1,7,898,6286,Checked-out
JED0124,10/15/2024,10/26/2024,10/29/2024,City,Deluxe,2,0,3,730,2190,Checked-out
JED0125,7/28/2025,8/25/2025,8/28/2025,Resort,Standard,2,1,3,548,1644,Checked-out
JED0126,12/4/2024,12/31/2024,1/1/2025,Resort,Standard,4,0,1,487,487,Checked-out
JED0127,9/10/2025,9/27/2025,10/2/2025,Resort,Deluxe,1,0,5,845,4225,Checked-out
JED0128,8/23/2025,9/19/2025,9/22/2025,City,Standard,2,0,3,441,1323,Checked-out
JED0129,10/9/2024,11/2/2024,11/8/2024,Resort,Standard,1,1,6,563,3378,Checked-out
JED0130,9/9/2025,9/26/2025,9/30/2025,City,Family,3,1,4,783,3132,Cancelled
JED0131,2/6/2025,3/4/2025,3/13/2025,City,Deluxe,3,0,9,721,6489,Checked-out
JED0132,2/13/2025,2/26/2025,2/28/2025,City,Deluxe,2,0,2,726,1452,Checked-out
JED0133,1/15/2026,2/2/2026,2/8/2026,Resort,Deluxe,2,3,6,988,5928,Checked-out
JED0134,12/2/2024,12/21/2024,12/26/2024,City,Deluxe,2,0,5,570,2850,Cancelled
JED0135,2/16/2025,3/16/2025,3/21/2025,City,Deluxe,3,0,5,658,3290,Checked-out
JED0136,12/20/2024,12/26/2024,1/1/2025,Resort,Suite,2,2,6,1592,9552,Checked-out
JED0137,10/27/2025,10/30/2025,11/4/2025,Resort,Suite,2,1,5,1599,7995,Checked-out
JED0138,3/12/2025,3/22/2025,3/26/2025,City,Standard,4,1,4,412,1648,Checked-out
JED0139,11/23/2025,12/12/2025,12/14/2025,City,Deluxe,2,1,2,585,1170,Checked-out
JED0140,7/16/2025,7/21/2025,7/22/2025,Resort,Deluxe,1,2,1,955,955,Cancelled
JED0141,10/14/2025,11/5/2025,11/12/2025,City,Executive,2,0,7,959,6713,Checked-out
JED0142,6/18/2025,7/5/2025,7/9/2025,City,Deluxe,4,0,4,569,2276,Checked-out
JED0143,5/19/2025,6/5/2025,6/10/2025,City,Deluxe,2,0,5,642,3210,Cancelled
JED0144,11/10/2024,12/6/2024,12/10/2024,Resort,Standard,1,3,4,487,1948,Cancelled
JED0145,10/28/2024,11/21/2024,11/23/2024,Resort,Deluxe,2,1,2,834,1668,Checked-out
JED0146,2/12/2025,2/28/2025,3/2/2025,Resort,Standard,2,0,2,461,922,Cancelled
JED0147,4/19/2025,5/17/2025,5/22/2025,Resort,Standard,2,2,5,523,2615,Checked-out
JED0148,8/24/2025,9/23/2025,9/26/2025,City,Standard,2,0,3,405,1215,Checked-out
JED0149,6/25/2025,7/20/2025,7/23/2025,City,Suite,4,0,3,1139,3417,Checked-out
JED0150,11/22/2025,12/8/2025,12/12/2025,City,Standard,2,0,4,419,1676,Checked-out
JED0151,11/2/2024,11/28/2024,11/30/2024,City,Deluxe,2,0,2,715,1430,Checked-out
JED0152,11/17/2024,11/21/2024,11/25/2024,City,Executive,2,2,4,823,3292,Checked-out
JED0153,11/11/2025,11/26/2025,11/29/2025,Resort,Standard,1,0,3,478,1434,Checked-out
JED0154,12/1/2024,12/29/2024,1/3/2025,Resort,Deluxe,3,2,5,970,4850,Checked-out
JED0155,5/4/2025,5/20/2025,5/23/2025,Resort,Deluxe,2,1,3,787,2361,Checked-out
JED0156,7/20/2025,8/18/2025,8/22/2025,City,Standard,2,0,4,456,1824,Checked-out
JED0157,1/7/2025,2/2/2025,2/3/2025,Resort,Suite,2,3,1,1637,1637,Checked-out
JED0158,3/21/2025,4/11/2025,4/13/2025,Resort,Standard,2,0,2,540,1080,Checked-out
JED0159,9/25/2025,10/4/2025,10/7/2025,City,Deluxe,2,0,3,743,2229,Checked-out
JED0160,5/2/2025,5/7/2025,5/11/2025,Resort,Deluxe,1,0,4,771,3084,Checked-out
JED0161,1/18/2026,2/4/2026,2/8/2026,City,Deluxe,3,2,4,611,2444,Checked-out
JED0162,11/4/2024,11/29/2024,12/2/2024,City,Suite,4,0,3,1145,3435,Checked-out
JED0163,12/23/2025,1/8/2026,1/13/2026,City,Standard,2,0,5,382,1910,Checked-out
JED0164,5/15/2025,5/28/2025,6/3/2025,City,Standard,4,0,6,451,2706,Cancelled
JED0165,1/9/2025,1/26/2025,1/31/2025,City,Suite,2,0,5,956,4780,Checked-out
JED0166,12/5/2025,1/4/2026,1/5/2026,Resort,Deluxe,2,1,1,890,890,Checked-out
JED0167,1/5/2026,1/20/2026,1/24/2026,Resort,Executive,2,0,4,1248,4992,Checked-out
JED0168,2/8/2025,2/28/2025,3/2/2025,Resort,Executive,2,0,2,1270,2540,Cancelled
JED0169,6/14/2025,7/12/2025,7/15/2025,Resort,Executive,2,0,3,1125,3375,Checked-out
JED0170,10/5/2024,10/13/2024,10/23/2024,City,Deluxe,2,0,10,623,6230,Checked-out
JED0171,5/6/2025,5/11/2025,5/13/2025,Resort,Standard,1,2,2,595,1190,Checked-out
JED0172,6/12/2025,7/3/2025,7/7/2025,City,Suite,2,0,4,999,3996,Checked-out
JED0173,11/2/2025,11/19/2025,11/23/2025,City,Deluxe,2,3,4,713,2852,Checked-out
JED0174,9/24/2025,10/21/2025,10/26/2025,City,Standard,3,0,5,407,2035,Checked-out
JED0175,7/10/2025,8/4/2025,8/8/2025,City,Executive,2,0,4,970,3880,Checked-out
JED0176,10/28/2025,11/4/2025,11/5/2025,City,Executive,1,2,1,957,957,Checked-out
JED0177,4/25/2025,5/25/2025,5/28/2025,City,Deluxe,2,0,3,592,1776,Checked-out
JED0178,10/15/2024,10/27/2024,10/31/2024,City,Standard,2,1,4,408,1632,Checked-out
JED0179,9/11/2025,9/20/2025,9/22/2025,Resort,Deluxe,3,3,2,974,1948,Checked-out
JED0180,11/11/2024,12/8/2024,12/11/2024,City,Executive,2,0,3,881,2643,Checked-out
JED0181,10/15/2025,11/3/2025,11/4/2025,City,Executive,2,0,1,1025,1025,Cancelled
JED0182,1/4/2026,1/13/2026,1/15/2026,City,Standard,3,1,2,394,788,Checked-out
JED0183,3/28/2025,4/21/2025,4/24/2025,Resort,Standard,2,0,3,482,1446,Checked-out
JED0184,12/2/2024,12/30/2024,1/1/2025,City,Executive,1,0,2,870,1740,Checked-out
JED0185,9/17/2025,10/1/2025,10/5/2025,City,Deluxe,2,0,4,738,2952,Checked-out
JED0186,5/19/2025,6/15/2025,6/20/2025,City,Deluxe,4,0,5,614,3070,Checked-out
JED0187,5/29/2025,6/17/2025,6/23/2025,City,Family,2,1,6,832,4992,Checked-out
JED0188,11/21/2024,12/6/2024,12/9/2024,City,Standard,2,0,3,445,1335,Cancelled
JED0189,1/4/2025,1/26/2025,1/28/2025,City,Deluxe,1,0,2,620,1240,Checked-out
JED0190,10/23/2025,11/19/2025,11/21/2025,City,Standard,2,1,2,349,698,Checked-out
JED0191,5/10/2025,5/16/2025,5/20/2025,City,Deluxe,2,0,4,693,2772,Checked-out
JED0192,11/11/2025,11/23/2025,11/28/2025,City,Executive,2,0,5,849,4245,Checked-out
JED0193,5/19/2025,5/24/2025,5/25/2025,Resort,Deluxe,1,1,1,951,951,Checked-out
JED0194,5/25/2025,6/5/2025,6/13/2025,City,Family,4,0,8,737,5896,Checked-out
JED0195,2/20/2025,3/7/2025,3/9/2025,City,Deluxe,3,1,2,647,1294,Checked-out
JED0196,3/20/2025,4/9/2025,4/13/2025,City,Standard,2,2,4,433,1732,Cancelled
JED0197,10/29/2024,11/15/2024,11/20/2024,Resort,Standard,3,0,5,520,2600,Checked-out
JED0198,11/5/2024,11/11/2024,11/17/2024,City,Deluxe,1,0,6,638,3828,Cancelled
JED0199,10/13/2024,10/30/2024,11/4/2024,City,Deluxe,2,0,5,625,3125,Checked-out
JED0200,3/9/2025,4/2/2025,4/8/2025,Resort,Standard,2,0,6,518,3108,Checked-out
JED0201,8/23/2025,8/27/2025,8/30/2025,City,Deluxe,3,2,3,655,1965,Checked-out
JED0202,4/5/2025,4/22/2025,4/28/2025,City,Deluxe,3,2,6,710,4260,Checked-out
JED0203,5/31/2025,6/10/2025,6/12/2025,City,Suite,2,0,2,1054,2108,Cancelled
JED0204,12/25/2024,1/4/2025,1/11/2025,Resort,Suite,4,1,7,1495,10465,Checked-out
JED0205,7/11/2025,7/30/2025,8/3/2025,City,Suite,1,2,4,1156,4624,Checked-out
JED0206,12/5/2024,12/19/2024,12/25/2024,Resort,Standard,3,3,6,502,3012,Checked-out
JED0207,3/19/2025,4/9/2025,4/13/2025,Resort,Standard,4,0,4,503,2012,Checked-out
JED0208,11/14/2024,11/26/2024,11/30/2024,City,Suite,2,0,4,1243,4972,Cancelled
JED0209,12/1/2024,12/12/2024,12/16/2024,City,Deluxe,3,0,4,693,2772,Checked-out
JED0210,12/15/2025,12/22/2025,12/27/2025,City,Standard,1,3,5,409,2045,Checked-out
JED0211,2/11/2025,2/19/2025,2/21/2025,City,Executive,2,0,2,939,1878,Checked-out
JED0212,7/11/2025,8/2/2025,8/4/2025,City,Suite,2,1,2,944,1888,Cancelled
JED0213,10/28/2024,11/25/2024,11/28/2024,Resort,Deluxe,2,0,3,908,2724,Checked-out
JED0214,1/16/2025,1/20/2025,1/22/2025,Resort,Standard,4,0,2,541,1082,Checked-out
JED0215,11/13/2024,12/12/2024,12/18/2024,Resort,Suite,2,0,6,1505,9030,Checked-out
JED0216,9/5/2025,10/1/2025,10/4/2025,City,Deluxe,2,3,3,622,1866,Checked-out
JED0217,7/13/2025,8/11/2025,8/20/2025,Resort,Suite,3,0,9,1298,11682,Checked-out
JED0218,12/20/2025,1/4/2026,1/7/2026,Resort,Suite,4,1,3,1348,4044,Checked-out
JED0219,8/27/2025,9/4/2025,9/6/2025,Resort,Executive,1,0,2,1379,2758,Checked-out
JED0220,2/5/2025,2/12/2025,2/17/2025,City,Deluxe,4,0,5,632,3160,Checked-out
JED0221,9/13/2025,10/10/2025,10/15/2025,Resort,Standard,1,0,5,534,2670,Checked-out
JED0222,1/16/2026,1/19/2026,1/23/2026,City,Suite,3,0,4,952,3808,Checked-out
JED0223,5/19/2025,6/11/2025,6/15/2025,City,Deluxe,2,0,4,559,2236,Checked-out
JED0224,4/8/2025,5/2/2025,5/7/2025,City,Suite,1,0,5,1171,5855,Cancelled
JED0225,5/13/2025,6/5/2025,6/8/2025,Resort,Standard,2,0,3,546,1638,Cancelled
JED0226,10/20/2025,10/28/2025,11/7/2025,Resort,Standard,2,0,10,541,5410,Checked-out
JED0227,10/12/2025,10/20/2025,10/29/2025,City,Executive,2,3,9,830,7470,Checked-out
JED0228,7/10/2025,8/4/2025,8/9/2025,City,Suite,1,2,5,1180,5900,Checked-out
JED0229,12/20/2025,1/7/2026,1/9/2026,City,Executive,2,0,2,810,1620,Checked-out
JED0230,1/29/2025,2/4/2025,2/9/2025,City,Suite,4,1,5,997,4985,Checked-out
JED0231,1/24/2025,2/6/2025,2/8/2025,City,Deluxe,2,2,2,642,1284,Checked-out
JED0232,1/4/2026,1/30/2026,1/31/2026,City,Suite,2,0,1,1029,1029,Checked-out
JED0233,5/21/2025,6/15/2025,6/18/2025,Resort,Executive,2,2,3,1122,3366,Cancelled
JED0234,6/16/2025,6/27/2025,7/1/2025,City,Deluxe,1,2,4,678,2712,Checked-out
JED0235,9/24/2025,10/19/2025,10/25/2025,City,Deluxe,3,0,6,679,4074,Checked-out
JED0236,4/16/2025,4/21/2025,4/26/2025,City,Standard,3,0,5,438,2190,Checked-out
JED0237,12/30/2025,1/20/2026,1/25/2026,Resort,Deluxe,2,3,5,855,4275,Checked-out
JED0238,11/15/2025,11/25/2025,11/28/2025,Resort,Suite,2,0,3,1294,3882,Checked-out
JED0239,2/14/2025,2/21/2025,2/24/2025,Resort,Standard,3,0,3,503,1509,Checked-out
JED0240,8/14/2025,8/20/2025,8/23/2025,City,Standard,2,0,3,457,1371,Checked-out
JED0241,3/14/2025,4/9/2025,4/19/2025,City,Standard,3,0,10,411,4110,Checked-out
JED0242,5/13/2025,5/21/2025,5/22/2025,City,Standard,2,1,1,425,425,Cancelled
JED0243,8/3/2025,8/7/2025,8/13/2025,Resort,Standard,3,1,6,460,2760,Checked-out
JED0244,5/22/2025,6/13/2025,6/17/2025,Resort,Deluxe,2,3,4,882,3528,Checked-out
JED0245,3/21/2025,4/20/2025,4/23/2025,Resort,Executive,2,0,3,1046,3138,Checked-out
JED0246,3/1/2025,3/14/2025,3/19/2025,Resort,Deluxe,4,0,5,895,4475,Checked-out
JED0247,1/6/2026,1/12/2026,1/16/2026,Resort,Standard,2,0,4,608,2432,Checked-out
JED0248,8/11/2025,8/28/2025,9/3/2025,City,Standard,2,0,6,456,2736,Checked-out
JED0249,10/9/2025,10/17/2025,10/24/2025,Resort,Suite,2,0,7,1503,10521,Cancelled
JED0250,3/9/2025,4/2/2025,4/5/2025,City,Deluxe,2,3,3,641,1923,Cancelled
JED0251,1/4/2025,1/23/2025,1/26/2025,City,Executive,2,2,3,1020,3060,Checked-out
JED0252,1/15/2026,2/10/2026,2/14/2026,City,Suite,2,0,4,1157,4628,Cancelled
JED0253,5/21/2025,5/29/2025,6/5/2025,City,Suite,1,1,7,956,6692,Checked-out
JED0254,3/29/2025,4/19/2025,4/22/2025,City,Standard,2,0,3,395,1185,Checked-out
JED0255,1/21/2025,2/17/2025,2/21/2025,City,Suite,3,0,4,1014,4056,Checked-out
JED0256,8/14/2025,8/18/2025,8/22/2025,City,Standard,2,1,4,396,1584,Checked-out
JED0257,12/16/2025,1/2/2026,1/7/2026,City,Family,2,0,5,739,3695,Checked-out
JED0258,11/21/2024,12/4/2024,12/6/2024,City,Deluxe,2,3,2,666,1332,Checked-out
JED0259,6/25/2025,7/5/2025,7/10/2025,City,Standard,1,1,5,382,1910,Checked-out
JED0260,7/22/2025,8/19/2025,8/26/2025,City,Standard,2,0,7,359,2513,Checked-out
JED0261,10/21/2025,11/11/2025,11/13/2025,City,Standard,2,1,2,400,800,Checked-out
JED0262,10/22/2025,11/6/2025,11/9/2025,Resort,Suite,2,0,3,1632,4896,Cancelled
JED0263,1/21/2025,2/4/2025,2/13/2025,Resort,Standard,2,0,9,566,5094,Checked-out
JED0264,1/9/2025,1/16/2025,1/18/2025,Resort,Deluxe,2,0,2,834,1668,Checked-out
JED0265,1/21/2025,1/29/2025,2/4/2025,Resort,Standard,1,0,6,610,3660,Checked-out
JED0266,12/14/2025,1/11/2026,1/15/2026,City,Suite,2,1,4,1236,4944,Checked-out
JED0267,12/20/2024,1/13/2025,1/16/2025,Resort,Executive,2,0,3,1109,3327,Checked-out
JED0268,4/5/2025,4/11/2025,4/17/2025,City,Suite,2,1,6,948,5688,Checked-out
JED0269,1/21/2025,2/11/2025,2/14/2025,City,Suite,2,1,3,1179,3537,Checked-out
JED0270,10/2/2024,10/24/2024,10/28/2024,Resort,Standard,3,0,4,593,2372,Checked-out
JED0271,2/7/2025,2/10/2025,2/13/2025,City,Standard,1,2,3,456,1368,Checked-out
JED0272,5/8/2025,5/30/2025,6/3/2025,Resort,Suite,2,0,4,1658,6632,Checked-out
JED0273,11/23/2024,12/12/2024,12/14/2024,Resort,Deluxe,1,0,2,903,1806,Checked-out
JED0274,9/8/2025,9/22/2025,9/25/2025,Resort,Deluxe,1,0,3,885,2655,Checked-out
JED0275,5/12/2025,5/29/2025,6/7/2025,Resort,Standard,2,0,9,463,4167,Cancelled
JED0276,5/13/2025,5/16/2025,5/19/2025,City,Standard,2,0,3,369,1107,Checked-out
JED0277,10/20/2025,11/17/2025,11/22/2025,City,Standard,3,1,5,395,1975,Checked-out
JED0278,11/7/2025,11/23/2025,11/26/2025,City,Executive,2,0,3,934,2802,Checked-out
JED0279,2/3/2025,2/11/2025,2/16/2025,City,Standard,4,0,5,406,2030,Checked-out
JED0280,2/7/2025,2/14/2025,2/16/2025,Resort,Deluxe,1,3,2,941,1882,Cancelled
JED0281,11/22/2024,12/5/2024,12/14/2024,Resort,Standard,1,1,9,504,4536,Checked-out
JED0282,3/21/2025,3/27/2025,3/31/2025,Resort,Suite,1,2,4,1513,6052,Checked-out
JED0283,5/6/2025,5/21/2025,5/24/2025,City,Standard,2,0,3,350,1050,Checked-out
JED0284,3/9/2025,3/22/2025,3/24/2025,City,Executive,2,1,2,876,1752,Checked-out
JED0285,4/16/2025,4/21/2025,4/23/2025,City,Executive,2,2,2,967,1934,Checked-out
JED0286,11/20/2025,11/23/2025,11/27/2025,City,Standard,1,1,4,423,1692,Checked-out
JED0287,6/4/2025,6/12/2025,6/15/2025,Resort,Executive,4,1,3,1393,4179,Checked-out
JED0288,8/20/2025,9/9/2025,9/15/2025,City,Family,3,0,6,700,4200,Checked-out
JED0289,12/13/2025,1/8/2026,1/11/2026,City,Executive,2,0,3,899,2697,Checked-out
JED0290,4/21/2025,5/3/2025,5/6/2025,City,Executive,1,0,3,853,2559,Cancelled
JED0291,4/2/2025,4/9/2025,4/13/2025,Resort,Standard,2,0,4,530,2120,Checked-out
JED0292,1/31/2025,2/25/2025,3/2/2025,Resort,Deluxe,1,2,5,971,4855,Checked-out
JED0293,11/5/2025,11/17/2025,11/19/2025,City,Standard,1,0,2,422,844,Checked-out
JED0294,6/12/2025,6/26/2025,6/28/2025,City,Standard,2,3,2,445,890,Checked-out
JED0295,7/21/2025,7/25/2025,7/26/2025,City,Family,2,3,1,683,683,Checked-out
JED0296,7/7/2025,7/22/2025,7/27/2025,City,Standard,2,0,5,444,2220,Checked-out
JED0297,8/21/2025,8/31/2025,9/5/2025,Resort,Suite,4,0,5,1288,6440,Checked-out
JED0298,10/7/2025,10/11/2025,10/15/2025,Resort,Executive,2,2,4,1356,5424,Checked-out
JED0299,1/6/2025,1/28/2025,2/3/2025,City,Executive,4,3,6,853,5118,Checked-out
JED0300,4/16/2025,4/19/2025,4/25/2025,City,Family,1,0,6,708,4248,Cancelled
JED0301,1/13/2026,1/20/2026,1/24/2026,Resort,Standard,2,0,4,541,2164,Checked-out
JED0302,10/30/2025,11/10/2025,11/16/2025,City,Standard,2,0,6,452,2712,Checked-out
JED0303,5/28/2025,6/16/2025,6/19/2025,Resort,Deluxe,1,1,3,758,2274,Checked-out
JED0304,2/21/2025,3/4/2025,3/6/2025,City,Standard,1,0,2,382,764,Checked-out
JED0305,1/5/2025,1/18/2025,1/21/2025,City,Standard,2,1,3,442,1326,Checked-out
JED0306,4/19/2025,5/6/2025,5/8/2025,City,Deluxe,2,0,2,629,1258,Checked-out
JED0307,2/1/2025,2/27/2025,3/3/2025,City,Suite,2,0,4,1000,4000,Checked-out
JED0308,4/5/2025,4/13/2025,4/21/2025,Resort,Deluxe,2,0,8,857,6856,Checked-out
JED0309,8/22/2025,9/16/2025,9/17/2025,City,Standard,2,0,1,386,386,Checked-out
JED0310,1/7/2026,1/12/2026,1/14/2026,City,Suite,1,0,2,1237,2474,Checked-out
JED0311,9/14/2025,10/3/2025,10/7/2025,City,Standard,2,0,4,431,1724,Checked-out
JED0312,6/16/2025,6/23/2025,7/1/2025,City,Standard,2,0,8,400,3200,Checked-out
JED0313,2/25/2025,3/27/2025,3/30/2025,City,Suite,1,0,3,1261,3783,Checked-out
JED0314,6/9/2025,6/23/2025,6/27/2025,City,Deluxe,4,0,4,643,2572,Checked-out
JED0315,12/17/2025,1/6/2026,1/7/2026,Resort,Suite,2,3,1,1288,1288,Checked-out
JED0316,11/24/2025,12/10/2025,12/12/2025,City,Standard,3,0,2,371,742,Checked-out
JED0317,11/7/2025,11/30/2025,12/10/2025,City,Executive,2,0,10,882,8820,Checked-out
JED0318,9/11/2025,10/7/2025,10/16/2025,Resort,Deluxe,2,1,9,787,7083,Checked-out
JED0319,12/25/2025,1/7/2026,1/8/2026,City,Deluxe,2,3,1,737,737,Checked-out
JED0320,2/24/2025,3/7/2025,3/15/2025,Resort,Deluxe,1,0,8,947,7576,Checked-out
JED0321,2/25/2025,3/1/2025,3/5/2025,City,Executive,2,1,4,837,3348,Checked-out
JED0322,9/17/2025,10/1/2025,10/7/2025,Resort,Deluxe,3,1,6,901,5406,Checked-out
JED0323,4/17/2025,4/22/2025,4/26/2025,Resort,Deluxe,2,1,4,935,3740,Checked-out
JED0324,8/4/2025,8/9/2025,8/13/2025,Resort,Family,2,0,4,1146,4584,Checked-out
JED0325,11/21/2025,11/24/2025,11/28/2025,Resort,Suite,2,1,4,1655,6620,Checked-out
JED0326,11/28/2025,12/8/2025,12/13/2025,City,Deluxe,4,0,5,652,3260,Checked-out
JED0327,2/5/2025,3/1/2025,3/3/2025,Resort,Suite,1,1,2,1607,3214,Checked-out
JED0328,11/8/2024,12/8/2024,12/9/2024,City,Deluxe,2,1,1,662,662,Cancelled
JED0329,9/3/2025,9/13/2025,9/16/2025,City,Standard,2,0,3,406,1218,Checked-out
JED0330,9/25/2025,10/8/2025,10/13/2025,City,Deluxe,3,2,5,574,2870,Checked-out
JED0331,2/6/2025,2/17/2025,2/20/2025,City,Family,4,0,3,665,1995,Checked-out
JED0332,6/24/2025,7/1/2025,7/6/2025,City,Family,2,2,5,756,3780,Checked-out
JED0333,1/19/2026,2/4/2026,2/13/2026,City,Standard,3,0,9,372,3348,Checked-out
JED0334,12/15/2025,1/14/2026,1/16/2026,City,Deluxe,3,0,2,556,1112,Checked-out
JED0335,1/16/2026,1/21/2026,1/26/2026,Resort,Standard,2,0,5,576,2880,Checked-out
JED0336,12/8/2025,12/31/2025,1/3/2026,Resort,Family,2,3,3,870,2610,Checked-out
JED0337,2/28/2025,3/7/2025,3/13/2025,City,Family,2,0,6,771,4626,Checked-out
JED0338,11/19/2025,11/26/2025,11/28/2025,City,Deluxe,4,0,2,657,1314,Checked-out
JED0339,1/21/2026,2/11/2026,2/16/2026,City,Executive,2,0,5,1026,5130,Checked-out
JED0340,7/25/2025,8/23/2025,8/29/2025,City,Suite,3,1,6,1094,6564,Checked-out
JED0341,1/7/2025,1/23/2025,1/31/2025,City,Deluxe,2,0,8,564,4512,Checked-out
JED0342,6/20/2025,7/18/2025,7/23/2025,City,Standard,3,0,5,406,2030,Checked-out
JED0343,6/9/2025,6/15/2025,6/19/2025,City,Deluxe,2,0,4,716,2864,Checked-out
JED0344,2/21/2025,3/20/2025,3/24/2025,Resort,Suite,2,0,4,1706,6824,Checked-out
JED0345,9/11/2025,9/26/2025,10/2/2025,City,Suite,3,0,6,1077,6462,Checked-out
JED0346,1/20/2025,2/1/2025,2/5/2025,City,Deluxe,3,0,4,614,2456,Checked-out
JED0347,11/29/2024,12/26/2024,12/27/2024,City,Family,3,1,1,841,841,Cancelled
JED0348,10/4/2025,10/24/2025,11/1/2025,City,Standard,1,0,8,362,2896,Cancelled
JED0349,10/2/2024,10/12/2024,10/17/2024,City,Deluxe,2,0,5,672,3360,Checked-out
JED0350,10/20/2025,10/30/2025,11/4/2025,Resort,Suite,1,0,5,1442,7210,Checked-out
JED0351,7/31/2025,8/9/2025,8/12/2025,City,Suite,2,3,3,948,2844,Checked-out
JED0352,6/11/2025,6/21/2025,6/26/2025,City,Deluxe,2,3,5,620,3100,Checked-out
JED0353,2/17/2025,3/5/2025,3/8/2025,Resort,Standard,2,2,3,501,1503,Checked-out
JED0354,12/27/2025,1/17/2026,1/22/2026,Resort,Standard,2,0,5,570,2850,Checked-out
JED0355,11/6/2024,11/14/2024,11/16/2024,Resort,Deluxe,4,0,2,995,1990,Cancelled
JED0356,3/9/2025,3/12/2025,3/17/2025,City,Deluxe,1,0,5,604,3020,Checked-out
JED0357,10/9/2024,11/3/2024,11/13/2024,Resort,Standard,2,0,10,590,5900,Checked-out
JED0358,5/21/2025,6/7/2025,6/8/2025,City,Suite,2,0,1,953,953,Checked-out
JED0359,1/7/2025,1/10/2025,1/19/2025,City,Deluxe,1,1,9,657,5913,Checked-out
JED0360,2/24/2025,3/23/2025,3/26/2025,City,Suite,2,2,3,958,2874,Checked-out
JED0361,7/31/2025,8/19/2025,8/25/2025,City,Executive,4,2,6,1017,6102,Checked-out
JED0362,4/26/2025,4/29/2025,5/4/2025,City,Standard,3,0,5,431,2155,Checked-out
JED0363,2/8/2025,2/25/2025,3/1/2025,City,Standard,4,1,4,418,1672,Checked-out
JED0364,11/8/2025,12/3/2025,12/8/2025,Resort,Suite,4,0,5,1629,8145,Checked-out
JED0365,3/1/2025,3/5/2025,3/11/2025,Resort,Deluxe,2,0,6,916,5496,Cancelled
JED0366,11/23/2024,12/9/2024,12/12/2024,Resort,Suite,2,1,3,1693,5079,Checked-out
JED0367,1/28/2025,2/20/2025,2/23/2025,City,Executive,2,0,3,957,2871,Checked-out
JED0368,3/10/2025,3/20/2025,3/25/2025,Resort,Executive,2,0,5,1369,6845,Checked-out
JED0369,11/12/2025,11/22/2025,11/28/2025,City,Family,2,0,6,753,4518,Checked-out
JED0370,1/24/2025,2/14/2025,2/19/2025,Resort,Deluxe,2,1,5,776,3880,Checked-out
JED0371,12/14/2024,12/23/2024,12/28/2024,City,Deluxe,2,1,5,655,3275,Cancelled
JED0372,1/21/2025,2/11/2025,2/14/2025,Resort,Deluxe,2,0,3,779,2337,Checked-out
JED0373,12/30/2025,1/7/2026,1/13/2026,City,Standard,2,2,6,411,2466,Checked-out
JED0374,11/24/2025,12/2/2025,12/4/2025,Resort,Deluxe,2,0,2,872,1744,Checked-out
JED0375,11/26/2025,12/1/2025,12/5/2025,Resort,Standard,2,0,4,559,2236,Checked-out
JED0376,1/12/2025,1/21/2025,1/22/2025,City,Family,2,1,1,639,639,Checked-out
JED0377,9/5/2025,9/26/2025,9/29/2025,City,Deluxe,2,1,3,590,1770,Checked-out
JED0378,6/11/2025,6/21/2025,6/24/2025,Resort,Deluxe,3,3,3,875,2625,Checked-out
JED0379,5/15/2025,5/27/2025,5/30/2025,City,Deluxe,1,0,3,737,2211,Checked-out
JED0380,1/20/2025,2/11/2025,2/16/2025,Resort,Standard,2,1,5,521,2605,Cancelled
JED0381,1/16/2026,2/2/2026,2/5/2026,City,Standard,3,1,3,390,1170,Checked-out
JED0382,1/7/2025,1/24/2025,1/27/2025,City,Deluxe,2,2,3,691,2073,Checked-out
JED0383,3/2/2025,3/5/2025,3/8/2025,City,Standard,2,0,3,412,1236,Checked-out
JED0384,9/14/2025,10/6/2025,10/9/2025,City,Deluxe,2,1,3,610,1830,Checked-out
JED0385,11/6/2025,11/15/2025,11/18/2025,Resort,Executive,2,1,3,1182,3546,Checked-out
JED0386,10/19/2025,11/17/2025,11/19/2025,City,Executive,3,0,2,823,1646,Checked-out
JED0387,10/1/2025,10/7/2025,10/11/2025,City,Suite,3,0,4,1253,5012,Cancelled
JED0388,9/3/2025,9/11/2025,9/16/2025,City,Standard,2,0,5,355,1775,Checked-out
JED0389,4/12/2025,5/9/2025,5/13/2025,City,Executive,2,1,4,865,3460,Checked-out
JED0390,8/6/2025,8/9/2025,8/13/2025,Resort,Executive,1,2,4,1042,4168,Cancelled
JED0391,3/12/2025,3/19/2025,3/22/2025,Resort,Standard,2,1,3,494,1482,Checked-out
JED0392,4/26/2025,5/25/2025,5/31/2025,City,Suite,2,1,6,1192,7152,Checked-out
JED0393,12/19/2025,1/13/2026,1/17/2026,Resort,Standard,2,0,4,491,1964,Checked-out
JED0394,3/18/2025,3/21/2025,3/25/2025,Resort,Executive,2,0,4,1061,4244,Checked-out
JED0395,3/10/2025,3/16/2025,3/17/2025,City,Family,2,0,1,744,744,Checked-out
JED0396,12/7/2024,12/31/2024,1/3/2025,Resort,Standard,1,0,3,460,1380,Checked-out
JED0397,7/16/2025,7/20/2025,7/23/2025,City,Executive,2,0,3,787,2361,Checked-out
JED0398,11/2/2025,11/14/2025,11/17/2025,City,Deluxe,2,0,3,709,2127,Cancelled
JED0399,7/4/2025,7/11/2025,7/15/2025,Resort,Family,3,0,4,1094,4376,Checked-out
JED0400,7/31/2025,8/29/2025,9/2/2025,City,Deluxe,1,0,4,730,2920,Checked-out
JED0401,11/8/2025,11/20/2025,11/24/2025,Resort,Executive,2,0,4,1344,5376,Checked-out
JED0402,10/19/2025,10/22/2025,10/27/2025,Resort,Standard,4,0,5,569,2845,Cancelled
JED0403,10/27/2025,11/20/2025,11/26/2025,City,Standard,2,0,6,346,2076,Checked-out
JED0404,2/12/2025,2/20/2025,2/25/2025,Resort,Standard,2,2,5,585,2925,Cancelled
JED0405,4/13/2025,4/28/2025,5/6/2025,City,Family,1,2,8,827,6616,Checked-out
JED0406,11/5/2025,11/22/2025,11/23/2025,City,Executive,2,1,1,980,980,Checked-out
JED0407,2/5/2025,2/11/2025,2/13/2025,Resort,Executive,2,0,2,1218,2436,Checked-out
JED0408,11/2/2024,11/17/2024,11/18/2024,Resort,Family,2,1,1,931,931,Checked-out
JED0409,3/25/2025,4/20/2025,4/24/2025,City,Standard,2,2,4,441,1764,Checked-out
JED0410,1/3/2026,1/25/2026,2/1/2026,City,Deluxe,3,1,7,694,4858,Checked-out
JED0411,12/17/2025,1/12/2026,1/15/2026,Resort,Standard,2,0,3,617,1851,Checked-out
JED0412,10/6/2025,10/23/2025,10/30/2025,Resort,Standard,1,1,7,484,3388,Checked-out
JED0413,1/13/2026,1/23/2026,1/25/2026,Resort,Standard,3,2,2,495,990,Checked-out
JED0414,10/10/2025,10/17/2025,10/25/2025,City,Deluxe,2,1,8,593,4744,Checked-out
JED0415,10/22/2024,11/8/2024,11/11/2024,City,Standard,3,1,3,435,1305,Checked-out
JED0416,5/26/2025,6/1/2025,6/3/2025,City,Standard,2,0,2,362,724,Checked-out
JED0417,3/7/2025,3/21/2025,3/25/2025,Resort,Standard,3,0,4,469,1876,Checked-out
JED0418,11/7/2024,11/22/2024,11/25/2024,City,Standard,2,0,3,459,1377,Checked-out
JED0419,5/18/2025,5/22/2025,5/25/2025,City,Family,3,1,3,643,1929,Checked-out
JED0420,9/30/2025,10/29/2025,11/1/2025,Resort,Suite,4,0,3,1634,4902,Checked-out
JED0421,11/20/2024,12/11/2024,12/17/2024,City,Family,2,0,6,719,4314,Checked-out
JED0422,12/12/2025,1/2/2026,1/6/2026,Resort,Deluxe,2,0,4,967,3868,Checked-out
JED0423,6/21/2025,6/27/2025,6/30/2025,Resort,Standard,2,0,3,548,1644,Checked-out
JED0424,7/10/2025,7/16/2025,7/20/2025,Resort,Suite,2,0,4,1663,6652,Checked-out
JED0425,10/27/2024,11/24/2024,11/29/2024,City,Standard,2,1,5,451,2255,Checked-out
JED0426,5/14/2025,5/27/2025,5/30/2025,City,Standard,2,1,3,341,1023,Checked-out
JED0427,7/4/2025,8/2/2025,8/5/2025,Resort,Standard,2,0,3,471,1413,Checked-out
JED0428,7/13/2025,7/20/2025,7/22/2025,Resort,Standard,2,0,2,499,998,Checked-out
JED0429,1/5/2025,1/27/2025,1/29/2025,Resort,Standard,2,0,2,567,1134,Checked-out
JED0430,7/11/2025,7/24/2025,7/29/2025,City,Deluxe,2,2,5,725,3625,Checked-out
JED0431,10/2/2025,10/14/2025,10/16/2025,Resort,Suite,1,0,2,1467,2934,Checked-out
JED0432,12/22/2025,1/1/2026,1/5/2026,Resort,Standard,1,0,4,557,2228,Checked-out
JED0433,12/27/2025,1/4/2026,1/9/2026,Resort,Standard,2,0,5,489,2445,Checked-out
JED0434,8/13/2025,8/21/2025,8/23/2025,Resort,Executive,2,1,2,1326,2652,Checked-out
JED0435,7/31/2025,8/10/2025,8/14/2025,Resort,Standard,2,2,4,615,2460,Checked-out
JED0436,2/24/2025,3/21/2025,3/24/2025,Resort,Standard,2,2,3,502,1506,Cancelled
JED0437,10/4/2024,10/21/2024,10/30/2024,City,Executive,2,1,9,898,8082,Checked-out
JED0438,11/4/2024,12/2/2024,12/6/2024,City,Standard,3,0,4,350,1400,Checked-out
JED0439,4/10/2025,4/26/2025,5/2/2025,City,Standard,1,0,6,407,2442,Checked-out
JED0440,11/18/2024,12/1/2024,12/5/2024,City,Deluxe,2,0,4,650,2600,Checked-out
JED0441,10/17/2024,10/31/2024,11/1/2024,City,Standard,2,0,1,357,357,Checked-out
JED0442,3/21/2025,4/18/2025,4/22/2025,City,Deluxe,3,0,4,638,2552,Checked-out
JED0443,5/8/2025,5/23/2025,5/31/2025,City,Executive,4,0,8,855,6840,Cancelled
JED0444,3/7/2025,3/17/2025,3/21/2025,City,Standard,1,0,4,402,1608,Checked-out
JED0445,1/20/2026,2/9/2026,2/15/2026,Resort,Deluxe,2,2,6,900,5400,Checked-out
JED0446,11/15/2024,12/12/2024,12/19/2024,Resort,Deluxe,3,1,7,748,5236,Checked-out
JED0447,10/8/2025,10/11/2025,10/14/2025,City,Standard,2,2,3,431,1293,Checked-out
JED0448,10/6/2024,10/23/2024,10/26/2024,Resort,Deluxe,2,1,3,933,2799,Checked-out
JED0449,1/7/2025,1/17/2025,1/21/2025,City,Standard,2,0,4,383,1532,Checked-out
JED0450,10/15/2025,11/14/2025,11/17/2025,City,Deluxe,2,1,3,562,1686,Checked-out
JED0451,5/21/2025,6/3/2025,6/9/2025,City,Standard,4,0,6,430,2580,Checked-out
JED0452,11/6/2024,11/20/2024,11/27/2024,City,Deluxe,4,1,7,738,5166,Checked-out
JED0453,7/7/2025,7/21/2025,7/24/2025,Resort,Standard,3,0,3,497,1491,Checked-out
JED0454,9/14/2025,9/20/2025,9/23/2025,Resort,Executive,2,3,3,1150,3450,Checked-out
JED0455,7/29/2025,8/16/2025,8/21/2025,City,Standard,3,0,5,362,1810,Checked-out
JED0456,3/30/2025,4/5/2025,4/8/2025,City,Deluxe,1,0,3,665,1995,Checked-out
JED0457,1/3/2025,1/10/2025,1/16/2025,City,Deluxe,2,2,6,582,3492,Checked-out
JED0458,1/7/2025,2/2/2025,2/5/2025,City,Suite,3,0,3,1052,3156,Cancelled
JED0459,4/6/2025,4/13/2025,4/18/2025,City,Deluxe,2,1,5,688,3440,Cancelled
JED0460,1/24/2025,2/3/2025,2/5/2025,City,Suite,2,1,2,1119,2238,Checked-out
JED0461,4/9/2025,4/21/2025,4/25/2025,Resort,Suite,1,2,4,1434,5736,Checked-out
JED0462,6/10/2025,6/29/2025,7/3/2025,Resort,Executive,3,3,4,1185,4740,Checked-out
JED0463,1/12/2026,2/11/2026,2/15/2026,City,Standard,2,3,4,407,1628,Checked-out
JED0464,11/20/2025,12/18/2025,12/20/2025,Resort,Deluxe,2,0,2,747,1494,Checked-out
JED0465,1/14/2026,1/25/2026,1/30/2026,City,Executive,2,2,5,786,3930,Checked-out
JED0466,3/10/2025,4/3/2025,4/9/2025,City,Family,3,1,6,835,5010,Checked-out
JED0467,6/13/2025,7/4/2025,7/7/2025,City,Executive,3,1,3,786,2358,Checked-out
JED0468,8/19/2025,9/4/2025,9/6/2025,Resort,Deluxe,2,0,2,931,1862,Checked-out
JED0469,2/5/2025,2/15/2025,2/16/2025,Resort,Standard,2,1,1,608,608,Checked-out
JED0470,10/18/2024,10/29/2024,11/2/2024,Resort,Deluxe,2,3,4,817,3268,Checked-out
JED0471,7/8/2025,8/1/2025,8/5/2025,City,Suite,4,2,4,1057,4228,Cancelled
JED0472,5/11/2025,5/24/2025,5/28/2025,Resort,Deluxe,2,0,4,895,3580,Checked-out
JED0473,11/23/2024,12/18/2024,12/21/2024,City,Deluxe,4,0,3,724,2172,Checked-out
JED0474,11/27/2024,11/30/2024,12/3/2024,Resort,Executive,2,0,3,1376,4128,Checked-out
JED0475,8/19/2025,9/4/2025,9/8/2025,City,Deluxe,3,2,4,696,2784,Checked-out
JED0476,9/25/2025,10/2/2025,10/6/2025,City,Executive,3,1,4,788,3152,Checked-out
JED0477,3/23/2025,4/15/2025,4/25/2025,City,Deluxe,2,0,10,682,6820,Checked-out
JED0478,7/7/2025,8/4/2025,8/6/2025,Resort,Standard,4,0,2,525,1050,Checked-out
JED0479,1/22/2025,2/7/2025,2/12/2025,City,Deluxe,2,0,5,644,3220,Checked-out
JED0480,7/15/2025,7/21/2025,7/24/2025,Resort,Suite,1,0,3,1284,3852,Checked-out
JED0481,12/5/2025,12/29/2025,1/1/2026,City,Standard,2,2,3,362,1086,Checked-out
JED0482,9/7/2025,10/2/2025,10/7/2025,Resort,Standard,3,1,5,587,2935,Checked-out
JED0483,2/28/2025,3/27/2025,4/1/2025,Resort,Family,2,0,5,998,4990,Checked-out
JED0484,12/24/2025,12/27/2025,1/6/2026,Resort,Standard,2,0,10,507,5070,Checked-out
JED0485,2/4/2025,2/28/2025,3/2/2025,City,Deluxe,2,0,2,627,1254,Checked-out
JED0486,3/4/2025,3/29/2025,3/31/2025,City,Deluxe,2,3,2,719,1438,Cancelled
JED0487,10/21/2025,11/11/2025,11/16/2025,City,Deluxe,2,0,5,698,3490,Checked-out
JED0488,1/17/2026,1/27/2026,1/31/2026,Resort,Deluxe,2,0,4,817,3268,Cancelled
JED0489,6/30/2025,7/17/2025,7/20/2025,City,Standard,3,0,3,354,1062,Checked-out
JED0490,1/12/2025,2/4/2025,2/6/2025,City,Deluxe,2,1,2,601,1202,Checked-out
JED0491,11/21/2025,12/8/2025,12/10/2025,City,Deluxe,2,1,2,732,1464,Cancelled
JED0492,10/28/2025,11/8/2025,11/15/2025,City,Suite,2,1,7,1126,7882,Checked-out
JED0493,7/26/2025,8/18/2025,8/20/2025,Resort,Standard,2,0,2,545,1090,Checked-out
JED0494,6/3/2025,6/14/2025,6/17/2025,City,Deluxe,3,0,3,668,2004,Checked-out
JED0495,3/25/2025,4/6/2025,4/9/2025,Resort,Standard,4,0,3,518,1554,Checked-out
JED0496,11/8/2024,11/30/2024,12/3/2024,City,Standard,2,1,3,436,1308,Cancelled
JED0497,1/20/2026,2/16/2026,2/18/2026,City,Standard,3,0,2,402,804,Checked-out
JED0498,3/19/2025,4/11/2025,4/15/2025,City,Standard,3,1,4,354,1416,Checked-out
JED0499,6/4/2025,7/2/2025,7/4/2025,City,Executive,3,2,2,799,1598,Checked-out
JED0500,10/26/2024,11/6/2024,11/12/2024,City,Standard,2,2,6,404,2424,Checked-out
JED0501,9/20/2025,9/25/2025,9/28/2025,Resort,Family,4,0,3,1145,3435,Checked-out
JED0502,8/2/2025,8/24/2025,8/28/2025,City,Family,2,0,4,706,2824,Checked-out
JED0503,11/13/2025,12/10/2025,12/17/2025,Resort,Deluxe,2,0,7,974,6818,Checked-out
JED0504,11/12/2025,12/10/2025,12/15/2025,City,Standard,1,1,5,431,2155,Checked-out
JED0505,10/13/2024,10/26/2024,10/30/2024,City,Deluxe,2,2,4,600,2400,Cancelled
JED0506,8/12/2025,8/20/2025,8/23/2025,Resort,Suite,1,0,3,1278,3834,Checked-out
JED0507,10/26/2025,10/30/2025,11/2/2025,City,Deluxe,2,0,3,572,1716,Checked-out
JED0508,8/9/2025,8/18/2025,8/23/2025,City,Standard,2,2,5,427,2135,Checked-out
JED0509,11/5/2024,11/25/2024,12/5/2024,City,Deluxe,3,2,10,591,5910,Checked-out
JED0510,3/22/2025,4/20/2025,4/25/2025,City,Executive,3,0,5,865,4325,Checked-out
JED0511,10/20/2024,10/24/2024,10/28/2024,Resort,Suite,2,1,4,1485,5940,Cancelled
JED0512,8/17/2025,9/15/2025,9/20/2025,City,Standard,3,0,5,427,2135,Checked-out
JED0513,6/21/2025,7/10/2025,7/14/2025,Resort,Suite,3,0,4,1312,5248,Cancelled
JED0514,11/4/2025,11/17/2025,11/19/2025,Resort,Standard,3,2,2,524,1048,Checked-out
JED0515,2/19/2025,3/20/2025,3/24/2025,City,Standard,1,2,4,398,1592,Checked-out
JED0516,1/3/2026,1/17/2026,1/25/2026,Resort,Executive,2,1,8,1229,9832,Checked-out
JED0517,10/6/2025,11/4/2025,11/6/2025,City,Standard,4,0,2,438,876,Checked-out
JED0518,1/14/2026,2/4/2026,2/9/2026,Resort,Standard,2,2,5,486,2430,Checked-out
JED0519,2/20/2025,3/16/2025,3/19/2025,City,Standard,2,0,3,436,1308,Cancelled
JED0520,12/31/2024,1/26/2025,1/30/2025,Resort,Executive,2,0,4,1285,5140,Checked-out
JED0521,9/19/2025,10/16/2025,10/18/2025,City,Suite,2,0,2,1118,2236,Cancelled
JED0522,8/18/2025,8/27/2025,8/31/2025,City,Deluxe,2,0,4,688,2752,Checked-out
JED0523,7/15/2025,8/6/2025,8/11/2025,Resort,Suite,1,1,5,1445,7225,Checked-out
JED0524,5/3/2025,5/11/2025,5/14/2025,Resort,Standard,2,1,3,481,1443,Checked-out
JED0525,12/21/2025,1/13/2026,1/18/2026,City,Deluxe,3,0,5,682,3410,Checked-out
JED0526,9/7/2025,10/3/2025,10/8/2025,City,Deluxe,3,0,5,654,3270,Cancelled
JED0527,11/20/2024,11/23/2024,11/30/2024,Resort,Standard,1,0,7,562,3934,Checked-out
JED0528,3/2/2025,3/21/2025,3/24/2025,Resort,Deluxe,4,0,3,834,2502,Checked-out
JED0529,4/4/2025,4/17/2025,4/20/2025,Resort,Family,2,1,3,1136,3408,Checked-out
JED0530,12/2/2024,12/26/2024,12/28/2024,Resort,Standard,2,2,2,554,1108,Checked-out
JED0531,4/8/2025,5/6/2025,5/16/2025,Resort,Standard,3,0,10,472,4720,Checked-out
JED0532,2/2/2025,3/4/2025,3/11/2025,Resort,Standard,3,0,7,531,3717,Checked-out
JED0533,2/27/2025,3/19/2025,3/23/2025,City,Standard,4,1,4,430,1720,Checked-out
JED0534,8/10/2025,9/2/2025,9/8/2025,City,Executive,2,2,6,979,5874,Checked-out
JED0535,11/27/2024,12/16/2024,12/20/2024,Resort,Deluxe,3,0,4,876,3504,Checked-out
JED0536,9/7/2025,9/16/2025,9/20/2025,Resort,Deluxe,1,0,4,981,3924,Checked-out
JED0537,8/1/2025,8/20/2025,8/22/2025,City,Suite,3,1,2,1023,2046,Checked-out
JED0538,3/29/2025,4/20/2025,4/25/2025,City,Standard,3,0,5,389,1945,Checked-out
JED0539,3/19/2025,3/30/2025,4/1/2025,Resort,Deluxe,2,0,2,982,1964,Checked-out
JED0540,8/22/2025,9/10/2025,9/16/2025,City,Deluxe,2,1,6,727,4362,Checked-out
JED0541,6/28/2025,7/20/2025,7/25/2025,City,Deluxe,3,1,5,686,3430,Checked-out
JED0542,11/23/2024,12/17/2024,12/22/2024,City,Family,2,1,5,830,4150,Checked-out
JED0543,12/18/2025,1/11/2026,1/12/2026,City,Suite,1,1,1,964,964,Checked-out
JED0544,1/9/2025,2/8/2025,2/11/2025,City,Deluxe,3,1,3,721,2163,Checked-out
JED0545,6/21/2025,7/1/2025,7/4/2025,City,Executive,2,0,3,851,2553,Checked-out
JED0546,11/22/2024,12/11/2024,12/14/2024,City,Standard,3,0,3,361,1083,Checked-out
JED0547,11/29/2024,12/8/2024,12/10/2024,Resort,Standard,2,0,2,497,994,Checked-out
JED0548,1/16/2025,1/19/2025,1/27/2025,City,Standard,2,0,8,390,3120,Checked-out
JED0549,10/5/2024,10/20/2024,10/24/2024,Resort,Standard,3,1,4,499,1996,Checked-out
JED0550,1/11/2025,2/5/2025,2/8/2025,Resort,Deluxe,2,2,3,830,2490,Checked-out
JED0551,4/14/2025,5/5/2025,5/8/2025,City,Deluxe,2,3,3,578,1734,Checked-out
JED0552,6/19/2025,7/18/2025,7/21/2025,Resort,Executive,3,1,3,1140,3420,Checked-out
JED0553,9/30/2025,10/26/2025,10/30/2025,City,Deluxe,2,0,4,664,2656,Checked-out
JED0554,1/23/2026,2/13/2026,2/17/2026,Resort,Deluxe,2,0,4,862,3448,Checked-out
JED0555,10/7/2025,10/26/2025,11/2/2025,City,Standard,2,2,7,381,2667,Checked-out
JED0556,9/15/2025,9/30/2025,10/4/2025,Resort,Standard,3,1,4,579,2316,Checked-out
JED0557,11/16/2024,12/4/2024,12/14/2024,Resort,Deluxe,3,1,10,981,9810,Checked-out
JED0558,9/20/2025,9/30/2025,10/6/2025,City,Deluxe,3,1,6,700,4200,Checked-out
JED0559,8/7/2025,8/28/2025,8/31/2025,City,Executive,1,1,3,854,2562,Checked-out
JED0560,11/28/2025,12/18/2025,12/26/2025,Resort,Standard,3,2,8,579,4632,Checked-out
JED0561,8/4/2025,8/7/2025,8/9/2025,Resort,Standard,2,0,2,483,966,Cancelled
JED0562,2/21/2025,3/9/2025,3/15/2025,City,Deluxe,2,1,6,577,3462,Checked-out
JED0563,6/26/2025,7/17/2025,7/20/2025,Resort,Standard,2,2,3,514,1542,Checked-out
JED0564,10/5/2025,10/22/2025,10/28/2025,City,Standard,3,0,6,436,2616,Checked-out
JED0565,2/1/2025,2/21/2025,2/27/2025,Resort,Suite,3,1,6,1371,8226,Cancelled
JED0566,1/14/2025,1/18/2025,1/24/2025,City,Standard,1,0,6,347,2082,Checked-out
JED0567,3/7/2025,3/31/2025,4/5/2025,Resort,Deluxe,2,3,5,780,3900,Checked-out
JED0568,2/24/2025,3/26/2025,3/29/2025,City,Standard,3,0,3,443,1329,Checked-out
JED0569,2/22/2025,3/13/2025,3/15/2025,City,Standard,1,1,2,416,832,Checked-out
JED0570,1/28/2025,2/17/2025,2/20/2025,City,Deluxe,4,0,3,601,1803,Cancelled
JED0571,8/15/2025,8/23/2025,8/25/2025,City,Executive,2,1,2,914,1828,Checked-out
JED0572,7/2/2025,7/23/2025,7/28/2025,City,Deluxe,2,0,5,655,3275,Checked-out
JED0573,12/31/2024,1/6/2025,1/9/2025,City,Suite,2,0,3,1151,3453,Cancelled
JED0574,11/27/2024,11/30/2024,12/9/2024,Resort,Standard,2,0,9,496,4464,Checked-out
JED0575,12/13/2025,12/23/2025,12/27/2025,City,Suite,4,2,4,1220,4880,Checked-out
JED0576,9/11/2025,10/6/2025,10/12/2025,City,Standard,2,0,6,377,2262,Checked-out
JED0577,5/17/2025,5/26/2025,5/28/2025,City,Suite,3,0,2,1164,2328,Checked-out
JED0578,1/17/2026,1/22/2026,1/28/2026,City,Deluxe,2,1,6,555,3330,Checked-out
JED0579,1/25/2025,2/6/2025,2/13/2025,City,Family,1,0,7,721,5047,Checked-out
JED0580,8/14/2025,8/26/2025,8/30/2025,City,Deluxe,1,2,4,621,2484,Checked-out
JED0581,7/6/2025,7/27/2025,7/31/2025,City,Standard,2,0,4,405,1620,Checked-out
JED0582,2/4/2025,2/20/2025,2/25/2025,City,Standard,4,1,5,348,1740,Checked-out
JED0583,10/28/2025,11/1/2025,11/3/2025,City,Executive,2,0,2,978,1956,Checked-out
JED0584,10/31/2025,11/30/2025,12/4/2025,City,Deluxe,2,0,4,594,2376,Cancelled
JED0585,2/6/2025,2/9/2025,2/12/2025,City,Suite,2,1,3,1158,3474,Checked-out
JED0586,11/27/2024,12/22/2024,12/24/2024,City,Standard,2,1,2,436,872,Checked-out
JED0587,1/30/2025,2/24/2025,2/27/2025,Resort,Standard,2,1,3,550,1650,Cancelled
JED0588,10/1/2024,10/31/2024,11/2/2024,City,Standard,3,0,2,428,856,Checked-out
JED0589,5/27/2025,6/16/2025,6/17/2025,Resort,Family,2,0,1,1061,1061,Checked-out
JED0590,7/17/2025,7/26/2025,7/28/2025,City,Suite,2,0,2,1052,2104,Checked-out
JED0591,1/4/2025,1/14/2025,1/23/2025,Resort,Family,1,3,9,1106,9954,Checked-out
JED0592,2/3/2025,2/6/2025,2/10/2025,Resort,Standard,4,0,4,506,2024,Checked-out
JED0593,1/26/2025,2/22/2025,3/3/2025,City,Deluxe,2,0,9,663,5967,Cancelled
JED0594,11/17/2024,12/12/2024,12/15/2024,Resort,Suite,1,0,3,1594,4782,Checked-out
JED0595,12/28/2024,1/2/2025,1/5/2025,City,Standard,2,1,3,385,1155,Checked-out
JED0596,5/25/2025,6/20/2025,6/24/2025,City,Executive,2,0,4,846,3384,Checked-out
JED0597,10/8/2025,11/2/2025,11/5/2025,Resort,Family,2,2,3,1000,3000,Checked-out
JED0598,10/20/2025,11/18/2025,11/20/2025,Resort,Executive,2,0,2,1330,2660,Checked-out
JED0599,6/29/2025,7/9/2025,7/13/2025,City,Suite,3,2,4,1241,4964,Checked-out
JED0600,4/7/2025,5/1/2025,5/4/2025,City,Standard,2,0,3,405,1215,Checked-out
JED0601,4/10/2025,5/7/2025,5/11/2025,City,Standard,3,1,4,419,1676,Checked-out
JED0602,12/21/2025,1/7/2026,1/12/2026,City,Family,2,2,5,840,4200,Checked-out
JED0603,12/8/2024,12/15/2024,12/17/2024,Resort,Standard,2,0,2,474,948,Checked-out
JED0604,7/5/2025,7/10/2025,7/12/2025,City,Suite,2,3,2,1011,2022,Checked-out
JED0605,9/14/2025,10/5/2025,10/10/2025,City,Suite,2,0,5,1168,5840,Checked-out
JED0606,6/4/2025,6/7/2025,6/11/2025,City,Deluxe,3,2,4,713,2852,Checked-out
JED0607,12/25/2025,1/24/2026,1/26/2026,City,Family,2,1,2,830,1660,Checked-out
JED0608,12/15/2024,1/1/2025,1/11/2025,City,Standard,2,0,10,389,3890,Cancelled
JED0609,3/3/2025,3/13/2025,3/15/2025,Resort,Standard,2,0,2,473,946,Checked-out
JED0610,2/21/2025,2/25/2025,3/2/2025,Resort,Standard,4,0,5,529,2645,Cancelled
JED0611,12/9/2025,12/14/2025,12/24/2025,Resort,Deluxe,2,0,10,806,8060,Checked-out
JED0612,12/25/2024,1/20/2025,1/23/2025,City,Standard,4,0,3,374,1122,Cancelled
JED0613,4/3/2025,4/19/2025,4/21/2025,Resort,Standard,2,0,2,584,1168,Checked-out
JED0614,7/12/2025,8/7/2025,8/9/2025,Resort,Executive,1,0,2,1060,2120,Cancelled
JED0615,1/5/2026,1/21/2026,1/24/2026,Resort,Family,2,1,3,1112,3336,Checked-out
JED0616,5/8/2025,5/21/2025,5/23/2025,City,Standard,2,0,2,391,782,Checked-out
JED0617,12/8/2024,12/26/2024,12/31/2024,City,Deluxe,2,0,5,668,3340,Cancelled
JED0618,11/16/2024,11/22/2024,11/24/2024,City,Family,1,1,2,657,1314,Checked-out
JED0619,1/2/2025,1/24/2025,1/28/2025,City,Standard,4,0,4,380,1520,Checked-out
JED0620,5/26/2025,6/2/2025,6/12/2025,City,Standard,3,0,10,350,3500,Checked-out
JED0621,12/20/2025,1/13/2026,1/19/2026,City,Standard,3,0,6,455,2730,Cancelled
JED0622,12/27/2025,1/19/2026,1/23/2026,City,Deluxe,2,2,4,709,2836,Checked-out
JED0623,4/22/2025,5/8/2025,5/11/2025,Resort,Standard,1,2,3,533,1599,Checked-out
JED0624,11/4/2025,11/29/2025,12/3/2025,City,Family,1,0,4,687,2748,Checked-out
JED0625,5/6/2025,5/24/2025,5/28/2025,City,Deluxe,3,1,4,734,2936,Checked-out
JED0626,1/17/2026,2/6/2026,2/9/2026,Resort,Deluxe,4,0,3,836,2508,Checked-out
JED0627,12/6/2025,12/15/2025,12/17/2025,Resort,Standard,2,1,2,485,970,Checked-out
JED0628,9/6/2025,9/18/2025,9/25/2025,Resort,Deluxe,1,1,7,894,6258,Checked-out
JED0629,11/8/2024,11/17/2024,11/20/2024,Resort,Suite,2,1,3,1682,5046,Cancelled
JED0630,1/8/2025,1/11/2025,1/13/2025,City,Suite,2,0,2,936,1872,Checked-out
JED0631,7/16/2025,8/10/2025,8/13/2025,Resort,Suite,2,0,3,1368,4104,Checked-out
JED0632,6/11/2025,7/4/2025,7/7/2025,City,Deluxe,2,0,3,735,2205,Checked-out
JED0633,5/10/2025,5/31/2025,6/6/2025,City,Executive,3,2,6,811,4866,Checked-out
JED0634,9/22/2025,10/10/2025,10/15/2025,City,Executive,1,1,5,795,3975,Checked-out
JED0635,10/23/2024,11/13/2024,11/18/2024,City,Suite,1,2,5,1123,5615,Checked-out
JED0636,6/7/2025,6/13/2025,6/14/2025,City,Standard,4,3,1,443,443,Checked-out
JED0637,10/10/2024,11/9/2024,11/12/2024,Resort,Standard,2,0,3,536,1608,Checked-out
JED0638,6/3/2025,6/23/2025,6/27/2025,Resort,Standard,1,1,4,620,2480,Checked-out
JED0639,8/21/2025,8/25/2025,8/26/2025,City,Suite,2,1,1,1159,1159,Checked-out
JED0640,1/8/2025,1/11/2025,1/14/2025,City,Deluxe,1,3,3,566,1698,Checked-out
JED0641,7/17/2025,8/3/2025,8/8/2025,Resort,Deluxe,2,3,5,1007,5035,Checked-out
JED0642,3/29/2025,4/5/2025,4/7/2025,Resort,Executive,3,1,2,1181,2362,Checked-out
JED0643,5/11/2025,6/2/2025,6/6/2025,City,Executive,2,0,4,842,3368,Checked-out
JED0644,10/29/2025,11/11/2025,11/14/2025,Resort,Executive,2,1,3,1236,3708,Checked-out
JED0645,6/7/2025,6/19/2025,6/20/2025,City,Standard,2,0,1,376,376,Checked-out
JED0646,2/24/2025,2/28/2025,3/3/2025,City,Suite,2,1,3,963,2889,Checked-out
JED0647,12/16/2025,12/21/2025,12/30/2025,Resort,Standard,3,2,9,459,4131,Checked-out
JED0648,1/4/2025,1/29/2025,2/4/2025,City,Standard,3,0,6,393,2358,Checked-out
JED0649,6/14/2025,7/9/2025,7/17/2025,City,Standard,1,1,8,440,3520,Checked-out
JED0650,8/21/2025,9/4/2025,9/8/2025,Resort,Standard,3,0,4,551,2204,Cancelled
JED0651,10/4/2024,10/26/2024,10/28/2024,Resort,Deluxe,2,0,2,1008,2016,Cancelled
JED0652,10/16/2024,10/23/2024,10/27/2024,City,Executive,4,0,4,842,3368,Checked-out
JED0653,7/7/2025,7/14/2025,7/18/2025,City,Standard,2,1,4,373,1492,Checked-out
JED0654,9/1/2025,9/9/2025,9/15/2025,City,Suite,4,2,6,987,5922,Checked-out
JED0655,6/4/2025,6/15/2025,6/17/2025,Resort,Deluxe,3,2,2,789,1578,Checked-out
JED0656,6/15/2025,6/19/2025,6/23/2025,City,Standard,2,0,4,374,1496,Checked-out
JED0657,1/19/2026,2/11/2026,2/13/2026,City,Deluxe,2,2,2,707,1414,Checked-out
JED0658,10/19/2025,11/2/2025,11/5/2025,Resort,Standard,4,1,3,605,1815,Checked-out
JED0659,3/9/2025,3/14/2025,3/19/2025,City,Deluxe,3,0,5,742,3710,Checked-out
JED0660,1/18/2026,2/9/2026,2/13/2026,City,Deluxe,1,0,4,597,2388,Checked-out
JED0661,9/5/2025,10/3/2025,10/6/2025,City,Standard,3,0,3,445,1335,Checked-out
JED0662,3/1/2025,3/25/2025,3/28/2025,Resort,Standard,2,2,3,512,1536,Checked-out
JED0663,10/31/2025,11/14/2025,11/18/2025,City,Deluxe,1,1,4,574,2296,Checked-out
JED0664,3/27/2025,4/22/2025,4/27/2025,City,Executive,2,1,5,999,4995,Checked-out
JED0665,3/12/2025,3/31/2025,4/7/2025,Resort,Standard,2,0,7,562,3934,Checked-out
JED0666,10/15/2025,10/27/2025,11/4/2025,City,Suite,3,1,8,989,7912,Checked-out
JED0667,11/2/2024,11/28/2024,12/3/2024,City,Suite,2,0,5,1076,5380,Checked-out
JED0668,11/21/2025,12/20/2025,12/23/2025,City,Family,3,0,3,702,2106,Checked-out
JED0669,12/19/2025,1/4/2026,1/9/2026,City,Executive,1,1,5,963,4815,Checked-out
JED0670,3/28/2025,4/22/2025,4/25/2025,City,Deluxe,2,0,3,640,1920,Checked-out
JED0671,12/1/2025,12/20/2025,12/23/2025,City,Suite,2,2,3,1261,3783,Cancelled
JED0672,1/9/2025,1/29/2025,2/4/2025,City,Executive,2,0,6,779,4674,Checked-out
JED0673,6/25/2025,7/16/2025,7/17/2025,City,Deluxe,1,1,1,621,621,Checked-out
JED0674,8/19/2025,9/7/2025,9/14/2025,Resort,Standard,2,0,7,537,3759,Checked-out
JED0675,12/4/2024,12/20/2024,12/24/2024,Resort,Standard,2,1,4,540,2160,Cancelled
JED0676,11/21/2025,12/2/2025,12/6/2025,Resort,Executive,2,0,4,1147,4588,Checked-out
JED0677,3/17/2025,3/27/2025,4/1/2025,Resort,Executive,2,0,5,1298,6490,Cancelled
JED0678,8/26/2025,8/30/2025,9/6/2025,City,Standard,2,2,7,444,3108,Checked-out
JED0679,11/12/2024,11/27/2024,12/1/2024,Resort,Deluxe,3,0,4,992,3968,Checked-out
JED0680,11/13/2024,12/10/2024,12/14/2024,City,Deluxe,4,2,4,709,2836,Cancelled
JED0681,7/12/2025,7/21/2025,7/23/2025,Resort,Standard,2,3,2,596,1192,Checked-out
JED0682,11/1/2025,11/12/2025,11/16/2025,Resort,Family,2,0,4,1027,4108,Checked-out
JED0683,10/12/2024,11/5/2024,11/7/2024,Resort,Standard,1,0,2,592,1184,Checked-out
JED0684,1/3/2025,1/27/2025,2/1/2025,Resort,Standard,4,1,5,508,2540,Checked-out
JED0685,7/29/2025,8/11/2025,8/15/2025,City,Deluxe,1,3,4,630,2520,Checked-out
JED0686,10/21/2025,11/6/2025,11/11/2025,City,Suite,2,2,5,1039,5195,Checked-out
JED0687,6/10/2025,6/16/2025,6/17/2025,City,Standard,2,0,1,396,396,Checked-out
JED0688,5/30/2025,6/27/2025,6/29/2025,City,Suite,2,1,2,1029,2058,Checked-out
JED0689,11/4/2024,12/2/2024,12/7/2024,City,Deluxe,2,0,5,740,3700,Cancelled
JED0690,5/3/2025,5/18/2025,5/20/2025,Resort,Standard,3,3,2,509,1018,Checked-out
JED0691,9/2/2025,9/6/2025,9/8/2025,Resort,Standard,1,3,2,474,948,Checked-out
JED0692,12/29/2024,1/23/2025,1/24/2025,City,Deluxe,2,0,1,655,655,Checked-out
JED0693,6/21/2025,6/28/2025,7/6/2025,Resort,Standard,1,0,8,468,3744,Checked-out
JED0694,1/1/2025,1/14/2025,1/19/2025,Resort,Family,1,0,5,894,4470,Checked-out
JED0695,11/14/2025,11/22/2025,11/25/2025,Resort,Executive,4,0,3,1112,3336,Cancelled
JED0696,1/1/2026,1/21/2026,1/24/2026,Resort,Family,2,2,3,1001,3003,Checked-out
JED0697,12/29/2024,1/21/2025,1/24/2025,City,Standard,3,0,3,391,1173,Checked-out
JED0698,11/22/2025,12/4/2025,12/9/2025,Resort,Family,2,0,5,1103,5515,Checked-out
JED0699,1/23/2025,1/29/2025,2/3/2025,Resort,Deluxe,1,0,5,940,4700,Checked-out
JED0700,1/13/2025,1/24/2025,1/26/2025,City,Standard,4,3,2,391,782,Cancelled
JED0701,10/26/2025,11/3/2025,11/5/2025,City,Standard,2,1,2,380,760,Checked-out
JED0702,4/14/2025,4/18/2025,4/20/2025,Resort,Standard,3,0,2,510,1020,Checked-out
JED0703,8/10/2025,8/29/2025,9/3/2025,City,Suite,2,0,5,1190,5950,Checked-out
JED0704,1/22/2025,1/29/2025,2/3/2025,Resort,Deluxe,3,3,5,759,3795,Checked-out
JED0705,12/14/2024,1/10/2025,1/13/2025,Resort,Standard,1,2,3,461,1383,Checked-out
JED0706,11/17/2025,11/25/2025,11/26/2025,City,Deluxe,2,0,1,707,707,Checked-out
JED0707,10/11/2025,11/8/2025,11/10/2025,City,Standard,3,0,2,397,794,Checked-out
JED0708,11/24/2025,12/8/2025,12/17/2025,Resort,Deluxe,4,0,9,780,7020,Checked-out
JED0709,5/5/2025,5/30/2025,6/2/2025,City,Deluxe,4,0,3,598,1794,Checked-out
JED0710,7/4/2025,7/27/2025,8/1/2025,City,Executive,3,1,5,1016,5080,Cancelled
JED0711,6/6/2025,6/18/2025,6/22/2025,City,Executive,3,2,4,997,3988,Cancelled
JED0712,3/13/2025,4/6/2025,4/9/2025,City,Deluxe,2,0,3,690,2070,Checked-out
JED0713,10/29/2025,11/21/2025,11/24/2025,Resort,Deluxe,2,2,3,872,2616,Checked-out
JED0714,9/22/2025,10/21/2025,10/23/2025,City,Deluxe,2,0,2,653,1306,Checked-out
JED0715,12/31/2025,1/27/2026,1/31/2026,Resort,Executive,2,1,4,1388,5552,Checked-out
JED0716,11/12/2025,11/20/2025,11/25/2025,City,Standard,2,1,5,455,2275,Checked-out
JED0717,4/10/2025,5/9/2025,5/13/2025,City,Standard,2,0,4,365,1460,Checked-out
JED0718,5/15/2025,5/25/2025,5/29/2025,Resort,Standard,2,0,4,590,2360,Cancelled
JED0719,3/26/2025,3/30/2025,3/31/2025,Resort,Deluxe,2,1,1,797,797,Cancelled
JED0720,1/7/2025,1/21/2025,1/30/2025,City,Deluxe,2,0,9,594,5346,Checked-out
JED0721,11/5/2024,11/20/2024,11/25/2024,City,Executive,2,0,5,947,4735,Checked-out
JED0722,1/9/2026,2/5/2026,2/8/2026,City,Standard,2,0,3,388,1164,Checked-out
JED0723,1/4/2025,1/27/2025,2/5/2025,City,Deluxe,3,3,9,734,6606,Checked-out
JED0724,3/1/2025,3/10/2025,3/14/2025,Resort,Executive,3,0,4,1065,4260,Checked-out
JED0725,2/28/2025,3/12/2025,3/16/2025,City,Executive,2,2,4,903,3612,Checked-out
JED0726,4/8/2025,4/23/2025,4/28/2025,City,Deluxe,2,0,5,731,3655,Cancelled
JED0727,5/12/2025,5/31/2025,6/6/2025,City,Deluxe,2,1,6,728,4368,Checked-out
JED0728,11/6/2024,12/4/2024,12/9/2024,Resort,Standard,1,1,5,484,2420,Checked-out
JED0729,6/25/2025,7/18/2025,7/20/2025,Resort,Family,2,2,2,971,1942,Checked-out
JED0730,10/4/2025,11/3/2025,11/6/2025,City,Standard,2,0,3,414,1242,Checked-out
JED0731,4/1/2025,4/29/2025,5/6/2025,Resort,Family,1,1,7,909,6363,Checked-out
JED0732,10/13/2024,10/29/2024,11/1/2024,City,Suite,2,1,3,1254,3762,Cancelled
JED0733,7/6/2025,7/10/2025,7/13/2025,City,Deluxe,4,0,3,730,2190,Checked-out
JED0734,5/5/2025,6/4/2025,6/7/2025,Resort,Standard,4,0,3,486,1458,Checked-out
JED0735,9/20/2025,10/14/2025,10/17/2025,Resort,Deluxe,2,0,3,777,2331,Checked-out
JED0736,9/26/2025,10/9/2025,10/13/2025,Resort,Deluxe,1,0,4,768,3072,Checked-out
JED0737,7/13/2025,7/16/2025,7/24/2025,City,Standard,2,2,8,449,3592,Checked-out
JED0738,6/30/2025,7/21/2025,7/24/2025,City,Suite,2,0,3,998,2994,Checked-out
JED0739,10/4/2025,10/27/2025,10/29/2025,Resort,Family,4,0,2,987,1974,Checked-out
JED0740,12/1/2024,12/7/2024,12/9/2024,City,Deluxe,1,1,2,640,1280,Checked-out
JED0741,12/23/2024,1/13/2025,1/20/2025,City,Suite,3,0,7,1132,7924,Checked-out
JED0742,10/3/2025,10/31/2025,11/4/2025,City,Standard,1,0,4,348,1392,Checked-out
JED0743,5/5/2025,5/28/2025,5/31/2025,Resort,Deluxe,4,0,3,805,2415,Checked-out
JED0744,9/7/2025,9/20/2025,9/26/2025,City,Standard,2,3,6,451,2706,Checked-out
JED0745,11/1/2025,11/11/2025,11/17/2025,City,Deluxe,3,2,6,729,4374,Checked-out
JED0746,4/5/2025,4/18/2025,4/24/2025,Resort,Family,2,2,6,1097,6582,Checked-out
JED0747,10/19/2024,10/25/2024,11/1/2024,City,Suite,2,0,7,941,6587,Checked-out
JED0748,3/26/2025,4/14/2025,4/17/2025,City,Standard,2,1,3,379,1137,Checked-out
JED0749,1/8/2025,2/6/2025,2/11/2025,City,Deluxe,1,0,5,674,3370,Checked-out
JED0750,10/31/2025,11/9/2025,11/13/2025,City,Deluxe,4,0,4,606,2424,Checked-out
JED0751,12/19/2025,12/29/2025,1/4/2026,City,Deluxe,4,0,6,729,4374,Checked-out
JED0752,5/21/2025,5/26/2025,5/31/2025,City,Executive,3,1,5,936,4680,Checked-out
JED0753,11/7/2025,12/1/2025,12/6/2025,Resort,Executive,2,0,5,1058,5290,Checked-out
JED0754,12/15/2024,12/19/2024,12/24/2024,City,Deluxe,3,0,5,729,3645,Checked-out
JED0755,6/22/2025,7/17/2025,7/19/2025,Resort,Deluxe,1,0,2,998,1996,Checked-out
JED0756,12/29/2025,1/15/2026,1/19/2026,City,Standard,2,0,4,349,1396,Checked-out
JED0757,7/11/2025,8/6/2025,8/16/2025,City,Standard,2,1,10,403,4030,Checked-out
JED0758,4/24/2025,5/18/2025,5/26/2025,City,Deluxe,2,0,8,611,4888,Cancelled
JED0759,5/11/2025,6/4/2025,6/5/2025,City,Deluxe,2,1,1,629,629,Checked-out
JED0760,10/19/2025,10/26/2025,10/28/2025,Resort,Suite,1,0,2,1342,2684,Checked-out
JED0761,11/21/2024,12/17/2024,12/19/2024,City,Suite,2,2,2,1125,2250,Checked-out
JED0762,9/4/2025,9/7/2025,9/12/2025,City,Standard,3,1,5,454,2270,Checked-out
JED0763,10/2/2025,10/30/2025,11/5/2025,Resort,Deluxe,2,0,6,878,5268,Checked-out
JED0764,2/21/2025,2/27/2025,3/2/2025,Resort,Standard,1,0,3,472,1416,Checked-out
JED0765,10/8/2025,10/25/2025,10/29/2025,Resort,Standard,2,1,4,559,2236,Cancelled
JED0766,12/8/2024,12/30/2024,1/5/2025,City,Executive,2,2,6,856,5136,Cancelled
JED0767,1/7/2025,1/28/2025,2/2/2025,Resort,Standard,2,0,5,597,2985,Checked-out
JED0768,10/31/2025,11/5/2025,11/9/2025,City,Deluxe,2,0,4,637,2548,Checked-out
JED0769,10/25/2024,11/16/2024,11/20/2024,City,Standard,2,2,4,363,1452,Checked-out
JED0770,12/10/2025,12/23/2025,12/27/2025,City,Executive,2,1,4,816,3264,Checked-out
JED0771,10/14/2025,11/2/2025,11/5/2025,City,Deluxe,2,0,3,702,2106,Checked-out
JED0772,1/12/2026,2/10/2026,2/14/2026,City,Standard,3,0,4,371,1484,Checked-out
JED0773,11/22/2024,12/7/2024,12/12/2024,City,Deluxe,2,0,5,702,3510,Checked-out
JED0774,2/28/2025,3/13/2025,3/19/2025,Resort,Suite,2,1,6,1353,8118,Checked-out
JED0775,2/21/2025,2/25/2025,3/1/2025,City,Family,3,0,4,709,2836,Checked-out
JED0776,11/26/2024,12/7/2024,12/12/2024,City,Standard,2,3,5,395,1975,Cancelled
JED0777,11/8/2024,12/6/2024,12/8/2024,City,Executive,1,0,2,1019,2038,Checked-out
JED0778,1/17/2025,1/21/2025,1/25/2025,Resort,Family,3,0,4,1143,4572,Checked-out
JED0779,3/30/2025,4/22/2025,4/23/2025,City,Executive,2,1,1,820,820,Checked-out
JED0780,11/11/2024,11/22/2024,11/25/2024,City,Deluxe,2,2,3,622,1866,Checked-out
JED0781,4/4/2025,4/15/2025,4/20/2025,Resort,Deluxe,1,2,5,785,3925,Checked-out
JED0782,11/27/2025,12/7/2025,12/17/2025,Resort,Deluxe,2,0,10,880,8800,Checked-out
JED0783,11/2/2025,11/21/2025,11/23/2025,City,Suite,2,1,2,1086,2172,Checked-out
JED0784,5/11/2025,5/14/2025,5/17/2025,Resort,Deluxe,1,1,3,983,2949,Checked-out
JED0785,1/30/2025,2/26/2025,3/4/2025,Resort,Suite,2,0,6,1676,10056,Checked-out
JED0786,2/10/2025,2/23/2025,2/26/2025,Resort,Deluxe,2,0,3,846,2538,Checked-out
JED0787,3/12/2025,3/22/2025,3/26/2025,City,Suite,2,0,4,1097,4388,Checked-out
JED0788,5/3/2025,5/15/2025,5/20/2025,Resort,Executive,1,0,5,1359,6795,Checked-out
JED0789,5/9/2025,6/5/2025,6/9/2025,City,Standard,1,2,4,436,1744,Checked-out
JED0790,5/23/2025,6/1/2025,6/3/2025,City,Executive,2,0,2,765,1530,Checked-out
JED0791,8/27/2025,9/1/2025,9/4/2025,City,Deluxe,1,3,3,614,1842,Checked-out
JED0792,2/23/2025,2/28/2025,3/5/2025,City,Executive,4,0,5,878,4390,Cancelled
JED0793,5/27/2025,6/16/2025,6/20/2025,City,Deluxe,1,1,4,597,2388,Checked-out
JED0794,12/15/2024,12/22/2024,12/23/2024,Resort,Deluxe,2,0,1,798,798,Checked-out
JED0795,10/9/2024,10/23/2024,10/28/2024,City,Executive,1,0,5,775,3875,Checked-out
JED0796,12/13/2024,12/27/2024,12/28/2024,City,Standard,2,0,1,417,417,Checked-out
JED0797,12/16/2025,1/6/2026,1/11/2026,City,Executive,4,0,5,835,4175,Checked-out
JED0798,11/5/2025,11/13/2025,11/16/2025,City,Deluxe,2,1,3,562,1686,Cancelled
JED0799,6/10/2025,6/14/2025,6/22/2025,Resort,Deluxe,4,0,8,806,6448,Checked-out
JED0800,5/18/2025,6/1/2025,6/4/2025,City,Standard,2,1,3,436,1308,Checked-out
JED0801,10/7/2024,10/28/2024,10/31/2024,City,Deluxe,3,0,3,718,2154,Checked-out
JED0802,3/23/2025,3/30/2025,4/1/2025,City,Standard,2,0,2,397,794,Checked-out
JED0803,2/18/2025,3/4/2025,3/7/2025,City,Standard,3,0,3,389,1167,Cancelled
JED0804,3/17/2025,4/15/2025,4/21/2025,City,Standard,2,2,6,457,2742,Checked-out
JED0805,3/19/2025,4/17/2025,4/27/2025,Resort,Standard,2,1,10,491,4910,Checked-out
JED0806,10/28/2025,11/16/2025,11/19/2025,Resort,Family,2,0,3,926,2778,Checked-out
JED0807,12/8/2025,12/27/2025,12/30/2025,City,Family,2,0,3,703,2109,Checked-out
JED0808,7/10/2025,7/22/2025,7/27/2025,Resort,Deluxe,4,0,5,791,3955,Checked-out
JED0809,1/30/2025,2/26/2025,3/5/2025,Resort,Suite,2,3,7,1431,10017,Checked-out
JED0810,4/12/2025,5/7/2025,5/11/2025,Resort,Standard,2,1,4,606,2424,Checked-out
JED0811,10/5/2024,10/24/2024,10/27/2024,City,Suite,3,0,3,1138,3414,Checked-out
JED0812,10/29/2024,11/15/2024,11/18/2024,City,Executive,2,1,3,876,2628,Checked-out
JED0813,3/14/2025,3/28/2025,4/2/2025,City,Family,4,0,5,847,4235,Checked-out
JED0814,11/26/2025,12/14/2025,12/15/2025,Resort,Deluxe,3,3,1,758,758,Checked-out
JED0815,9/4/2025,9/30/2025,10/4/2025,Resort,Suite,2,0,4,1355,5420,Checked-out
JED0816,2/13/2025,3/6/2025,3/9/2025,City,Standard,3,1,3,407,1221,Checked-out
JED0817,9/30/2025,10/10/2025,10/15/2025,City,Family,1,0,5,775,3875,Cancelled
JED0818,8/17/2025,9/9/2025,9/11/2025,Resort,Standard,2,1,2,465,930,Checked-out
JED0819,9/7/2025,9/26/2025,9/30/2025,Resort,Deluxe,2,1,4,851,3404,Cancelled
JED0820,2/22/2025,3/19/2025,3/23/2025,Resort,Suite,2,1,4,1551,6204,Cancelled
JED0821,8/23/2025,8/30/2025,9/3/2025,Resort,Suite,3,1,4,1573,6292,Checked-out
JED0822,5/5/2025,5/29/2025,5/31/2025,City,Standard,4,2,2,416,832,Checked-out
JED0823,7/28/2025,8/15/2025,8/19/2025,City,Family,2,0,4,709,2836,Checked-out
JED0824,2/9/2025,2/17/2025,2/21/2025,Resort,Standard,2,0,4,474,1896,Checked-out
JED0825,7/19/2025,7/29/2025,8/2/2025,City,Deluxe,4,0,4,635,2540,Checked-out
JED0826,12/9/2024,1/5/2025,1/9/2025,City,Standard,2,3,4,355,1420,Checked-out
JED0827,6/9/2025,6/29/2025,7/4/2025,Resort,Standard,2,0,5,612,3060,Checked-out
JED0828,11/19/2025,12/16/2025,12/22/2025,City,Deluxe,2,1,6,645,3870,Checked-out
JED0829,7/2/2025,7/16/2025,7/19/2025,Resort,Deluxe,4,1,3,829,2487,Checked-out
JED0830,12/19/2025,1/5/2026,1/11/2026,City,Standard,2,0,6,431,2586,Checked-out
JED0831,9/29/2025,10/28/2025,11/1/2025,Resort,Standard,3,0,4,539,2156,Checked-out
JED0832,3/31/2025,4/28/2025,4/30/2025,City,Deluxe,3,0,2,612,1224,Checked-out
JED0833,3/16/2025,3/27/2025,3/29/2025,City,Suite,2,0,2,1202,2404,Checked-out
JED0834,12/30/2024,1/14/2025,1/17/2025,Resort,Executive,2,0,3,1348,4044,Checked-out
JED0835,4/20/2025,5/18/2025,5/23/2025,City,Standard,3,0,5,420,2100,Cancelled
JED0836,9/11/2025,9/28/2025,10/3/2025,Resort,Deluxe,2,2,5,758,3790,Checked-out
JED0837,10/19/2024,10/31/2024,11/5/2024,Resort,Standard,3,3,5,550,2750,Checked-out
JED0838,11/8/2024,11/26/2024,11/30/2024,City,Standard,4,0,4,431,1724,Checked-out
JED0839,2/3/2025,2/12/2025,2/15/2025,City,Suite,2,0,3,980,2940,Checked-out
JED0840,12/25/2025,1/13/2026,1/15/2026,City,Deluxe,3,0,2,597,1194,Checked-out
JED0841,3/22/2025,4/16/2025,4/19/2025,City,Standard,3,1,3,445,1335,Cancelled
JED0842,2/18/2025,3/18/2025,3/21/2025,Resort,Standard,3,2,3,462,1386,Checked-out
JED0843,5/30/2025,6/22/2025,6/24/2025,Resort,Standard,2,0,2,580,1160,Cancelled
JED0844,5/8/2025,6/1/2025,6/4/2025,Resort,Executive,1,0,3,1205,3615,Checked-out
JED0845,2/3/2025,3/3/2025,3/7/2025,Resort,Family,2,1,4,996,3984,Checked-out
JED0846,11/27/2024,12/6/2024,12/11/2024,City,Standard,2,1,5,340,1700,Checked-out
JED0847,2/25/2025,3/13/2025,3/23/2025,Resort,Standard,2,0,10,591,5910,Cancelled
JED0848,1/19/2026,2/5/2026,2/13/2026,Resort,Executive,3,1,8,1163,9304,Checked-out
JED0849,12/30/2025,1/22/2026,1/26/2026,Resort,Family,2,0,4,1024,4096,Checked-out
JED0850,8/13/2025,8/22/2025,8/25/2025,Resort,Deluxe,2,0,3,924,2772,Checked-out
JED0851,10/18/2025,10/29/2025,11/2/2025,City,Standard,2,1,4,424,1696,Checked-out
JED0852,9/26/2025,10/17/2025,10/22/2025,Resort,Standard,3,2,5,613,3065,Checked-out
JED0853,11/27/2025,12/15/2025,12/17/2025,City,Deluxe,2,0,2,656,1312,Cancelled
JED0854,10/1/2024,10/11/2024,10/14/2024,City,Deluxe,2,2,3,630,1890,Checked-out
JED0855,10/22/2025,11/11/2025,11/17/2025,City,Standard,2,0,6,454,2724,Checked-out
JED0856,1/4/2026,2/2/2026,2/5/2026,Resort,Deluxe,3,1,3,914,2742,Checked-out
JED0857,9/13/2025,10/8/2025,10/12/2025,Resort,Standard,2,0,4,507,2028,Checked-out
JED0858,4/8/2025,4/28/2025,5/2/2025,Resort,Suite,2,2,4,1318,5272,Checked-out
JED0859,4/9/2025,5/1/2025,5/3/2025,Resort,Standard,4,2,2,595,1190,Checked-out
JED0860,10/4/2025,10/13/2025,10/16/2025,City,Standard,3,0,3,383,1149,Checked-out
JED0861,11/13/2025,11/18/2025,11/21/2025,Resort,Deluxe,4,2,3,919,2757,Checked-out
JED0862,8/8/2025,8/28/2025,8/29/2025,City,Deluxe,2,2,1,644,644,Cancelled
JED0863,11/21/2025,12/20/2025,12/21/2025,City,Family,2,1,1,682,682,Cancelled
JED0864,11/26/2025,12/8/2025,12/14/2025,City,Deluxe,3,0,6,669,4014,Checked-out
JED0865,1/25/2025,2/3/2025,2/6/2025,Resort,Standard,2,2,3,468,1404,Checked-out
JED0866,2/11/2025,3/2/2025,3/6/2025,Resort,Suite,3,2,4,1446,5784,Cancelled
JED0867,11/27/2024,12/13/2024,12/16/2024,City,Standard,2,0,3,405,1215,Checked-out
JED0868,11/13/2024,12/9/2024,12/17/2024,City,Executive,2,3,8,882,7056,Checked-out
JED0869,3/22/2025,3/27/2025,3/30/2025,Resort,Deluxe,1,0,3,942,2826,Cancelled
JED0870,3/9/2025,3/23/2025,3/26/2025,City,Deluxe,2,0,3,713,2139,Checked-out
JED0871,3/22/2025,4/21/2025,4/27/2025,Resort,Standard,1,0,6,583,3498,Checked-out
JED0872,8/13/2025,8/28/2025,9/3/2025,Resort,Deluxe,1,1,6,756,4536,Checked-out
JED0873,7/30/2025,8/3/2025,8/5/2025,City,Executive,4,1,2,817,1634,Checked-out
JED0874,2/26/2025,3/3/2025,3/9/2025,City,Executive,2,0,6,909,5454,Checked-out
JED0875,12/19/2024,12/26/2024,12/30/2024,Resort,Standard,2,3,4,610,2440,Checked-out
JED0876,10/9/2025,10/22/2025,10/26/2025,Resort,Standard,3,0,4,594,2376,Checked-out
JED0877,5/1/2025,5/11/2025,5/13/2025,City,Executive,2,0,2,992,1984,Checked-out
JED0878,4/21/2025,5/19/2025,5/21/2025,Resort,Family,2,0,2,952,1904,Checked-out
JED0879,6/9/2025,7/4/2025,7/9/2025,City,Standard,3,1,5,391,1955,Checked-out
JED0880,5/17/2025,6/11/2025,6/15/2025,City,Deluxe,2,2,4,644,2576,Checked-out
JED0881,3/13/2025,3/27/2025,3/30/2025,Resort,Standard,3,1,3,484,1452,Checked-out
JED0882,5/15/2025,5/24/2025,5/29/2025,Resort,Executive,3,2,5,1044,5220,Checked-out
JED0883,2/24/2025,3/13/2025,3/18/2025,City,Standard,4,0,5,453,2265,Checked-out
JED0884,10/20/2024,11/15/2024,11/17/2024,Resort,Standard,2,0,2,497,994,Checked-out
JED0885,12/15/2025,1/3/2026,1/7/2026,City,Suite,2,0,4,1014,4056,Checked-out
JED0886,11/6/2025,11/12/2025,11/14/2025,City,Standard,2,0,2,350,700,Checked-out
JED0887,11/16/2024,12/10/2024,12/15/2024,City,Deluxe,1,0,5,733,3665,Checked-out
JED0888,5/21/2025,6/17/2025,6/22/2025,Resort,Deluxe,3,1,5,898,4490,Checked-out
JED0889,8/1/2025,8/16/2025,8/24/2025,City,Standard,1,0,8,420,3360,Checked-out
JED0890,10/14/2024,11/3/2024,11/5/2024,City,Deluxe,2,1,2,730,1460,Checked-out
JED0891,2/20/2025,2/23/2025,2/25/2025,City,Deluxe,3,0,2,619,1238,Cancelled
JED0892,11/19/2025,12/7/2025,12/10/2025,Resort,Standard,2,0,3,559,1677,Checked-out
JED0893,10/1/2024,10/16/2024,10/19/2024,Resort,Deluxe,2,1,3,756,2268,Checked-out
JED0894,10/8/2025,10/20/2025,10/23/2025,Resort,Executive,2,0,3,1100,3300,Checked-out
JED0895,11/23/2024,12/7/2024,12/14/2024,City,Suite,3,2,7,1209,8463,Checked-out
JED0896,10/9/2025,10/13/2025,10/16/2025,Resort,Standard,2,1,3,583,1749,Cancelled
JED0897,6/16/2025,7/11/2025,7/14/2025,City,Standard,3,0,3,382,1146,Checked-out
JED0898,2/21/2025,2/26/2025,3/3/2025,Resort,Standard,1,3,5,520,2600,Checked-out
JED0899,1/14/2026,1/26/2026,1/29/2026,Resort,Deluxe,3,0,3,886,2658,Checked-out
JED0900,12/15/2025,12/19/2025,12/24/2025,City,Deluxe,3,0,5,552,2760,Checked-out
JED0901,1/2/2026,1/31/2026,2/2/2026,Resort,Suite,2,1,2,1369,2738,Checked-out
JED0902,10/12/2024,11/6/2024,11/10/2024,City,Standard,2,0,4,364,1456,Checked-out
JED0903,8/26/2025,9/10/2025,9/11/2025,City,Standard,2,2,1,370,370,Checked-out
JED0904,5/12/2025,5/27/2025,5/29/2025,City,Deluxe,3,2,2,709,1418,Checked-out
JED0905,6/29/2025,7/19/2025,7/26/2025,City,Suite,2,3,7,1027,7189,Checked-out
JED0906,12/30/2025,1/4/2026,1/6/2026,City,Standard,2,0,2,362,724,Checked-out
JED0907,9/23/2025,10/22/2025,10/26/2025,Resort,Deluxe,2,0,4,878,3512,Checked-out
JED0908,1/3/2026,1/12/2026,1/15/2026,City,Standard,2,1,3,443,1329,Checked-out
JED0909,11/12/2025,11/28/2025,12/1/2025,Resort,Executive,1,0,3,1120,3360,Checked-out
JED0910,3/5/2025,3/27/2025,4/3/2025,City,Executive,2,0,7,786,5502,Checked-out
JED0911,10/8/2025,10/27/2025,10/28/2025,City,Standard,2,0,1,382,382,Checked-out
JED0912,10/8/2024,10/31/2024,11/5/2024,Resort,Standard,3,0,5,580,2900,Cancelled
JED0913,1/30/2025,2/13/2025,2/22/2025,City,Deluxe,2,0,9,659,5931,Checked-out
JED0914,9/13/2025,10/10/2025,10/14/2025,City,Standard,2,2,4,438,1752,Checked-out
JED0915,3/13/2025,3/31/2025,4/8/2025,Resort,Suite,4,2,8,1689,13512,Checked-out
JED0916,12/29/2024,1/24/2025,1/26/2025,City,Executive,3,0,2,979,1958,Checked-out
JED0917,2/13/2025,2/27/2025,3/2/2025,City,Suite,4,0,3,1134,3402,Checked-out
JED0918,4/4/2025,4/21/2025,4/24/2025,City,Executive,2,0,3,898,2694,Checked-out
JED0919,8/12/2025,9/8/2025,9/13/2025,Resort,Deluxe,2,2,5,756,3780,Checked-out
JED0920,3/27/2025,4/8/2025,4/18/2025,Resort,Standard,1,0,10,618,6180,Checked-out
JED0921,10/28/2024,11/24/2024,11/27/2024,Resort,Suite,3,1,3,1433,4299,Checked-out
JED0922,5/8/2025,5/17/2025,5/22/2025,Resort,Deluxe,1,0,5,785,3925,Checked-out
JED0923,9/22/2025,10/14/2025,10/16/2025,City,Suite,2,1,2,1155,2310,Checked-out
JED0924,11/10/2024,11/17/2024,11/21/2024,City,Standard,2,0,4,374,1496,Checked-out
JED0925,5/16/2025,5/19/2025,5/23/2025,Resort,Standard,2,1,4,553,2212,Checked-out
JED0926,4/10/2025,4/29/2025,5/8/2025,City,Family,2,0,9,769,6921,Checked-out
JED0927,11/15/2025,11/20/2025,11/24/2025,City,Standard,2,1,4,393,1572,Checked-out
JED0928,12/21/2025,1/5/2026,1/8/2026,City,Family,2,0,3,825,2475,Checked-out
JED0929,2/22/2025,3/10/2025,3/12/2025,City,Family,2,1,2,697,1394,Checked-out
JED0930,4/19/2025,5/15/2025,5/17/2025,Resort,Suite,4,2,2,1462,2924,Cancelled
JED0931,11/21/2025,12/11/2025,12/14/2025,City,Suite,3,0,3,1112,3336,Checked-out
JED0932,4/30/2025,5/6/2025,5/9/2025,City,Deluxe,4,2,3,681,2043,Cancelled
JED0933,1/4/2026,1/24/2026,1/30/2026,City,Executive,3,1,6,976,5856,Cancelled
JED0934,5/8/2025,5/15/2025,5/19/2025,Resort,Standard,2,0,4,522,2088,Checked-out
JED0935,5/28/2025,6/24/2025,6/28/2025,City,Deluxe,2,0,4,678,2712,Checked-out
JED0936,11/17/2025,12/5/2025,12/7/2025,City,Deluxe,2,0,2,581,1162,Checked-out
JED0937,11/1/2025,11/4/2025,11/10/2025,Resort,Deluxe,2,1,6,991,5946,Checked-out
JED0938,11/15/2024,12/8/2024,12/13/2024,Resort,Deluxe,2,1,5,846,4230,Checked-out
JED0939,11/4/2024,11/20/2024,11/22/2024,City,Standard,2,0,2,427,854,Checked-out
JED0940,6/10/2025,6/27/2025,7/2/2025,City,Deluxe,2,0,5,556,2780,Checked-out
JED0941,10/25/2025,11/5/2025,11/9/2025,City,Executive,2,2,4,820,3280,Cancelled
JED0942,12/21/2024,1/7/2025,1/9/2025,City,Standard,2,2,2,398,796,Checked-out
JED0943,10/6/2025,10/25/2025,10/29/2025,City,Family,2,0,4,835,3340,Checked-out
JED0944,6/13/2025,7/10/2025,7/14/2025,City,Suite,3,3,4,1108,4432,Checked-out
JED0945,4/15/2025,5/11/2025,5/13/2025,City,Executive,2,0,2,1016,2032,Cancelled
JED0946,7/30/2025,8/5/2025,8/13/2025,City,Deluxe,1,0,8,646,5168,Checked-out
JED0947,11/13/2025,11/27/2025,12/3/2025,Resort,Suite,2,2,6,1480,8880,Checked-out
JED0948,12/24/2025,1/22/2026,1/27/2026,Resort,Standard,2,0,5,478,2390,Checked-out
JED0949,10/10/2024,11/7/2024,11/11/2024,Resort,Executive,2,0,4,1325,5300,Checked-out
JED0950,8/8/2025,8/15/2025,8/18/2025,City,Standard,2,0,3,369,1107,Checked-out
JED0951,7/13/2025,7/20/2025,7/25/2025,City,Executive,2,2,5,1007,5035,Checked-out
JED0952,5/30/2025,6/12/2025,6/16/2025,Resort,Family,2,2,4,1137,4548,Checked-out
JED0953,6/8/2025,7/8/2025,7/10/2025,City,Standard,4,0,2,453,906,Checked-out
JED0954,9/30/2025,10/8/2025,10/12/2025,City,Standard,4,0,4,402,1608,Checked-out
JED0955,10/5/2024,10/14/2024,10/20/2024,City,Suite,2,0,6,1158,6948,Cancelled
JED0956,1/27/2025,2/22/2025,2/26/2025,Resort,Standard,2,1,4,585,2340,Checked-out
JED0957,7/16/2025,8/1/2025,8/3/2025,Resort,Executive,3,0,2,1080,2160,Cancelled
JED0958,10/9/2025,11/4/2025,11/9/2025,City,Standard,1,1,5,412,2060,Checked-out
JED0959,12/4/2024,12/17/2024,12/20/2024,City,Standard,2,0,3,344,1032,Checked-out
JED0960,2/23/2025,3/10/2025,3/13/2025,Resort,Family,2,0,3,1011,3033,Checked-out
JED0961,5/12/2025,5/16/2025,5/18/2025,City,Suite,4,0,2,986,1972,Checked-out
JED0962,5/27/2025,6/23/2025,6/26/2025,Resort,Executive,1,0,3,1099,3297,Checked-out
JED0963,3/26/2025,4/4/2025,4/9/2025,Resort,Standard,2,2,5,518,2590,Checked-out
JED0964,6/24/2025,7/16/2025,7/20/2025,Resort,Suite,3,0,4,1454,5816,Checked-out
JED0965,9/6/2025,9/12/2025,9/15/2025,City,Deluxe,2,0,3,674,2022,Checked-out
JED0966,7/9/2025,8/7/2025,8/13/2025,City,Deluxe,1,0,6,567,3402,Checked-out
JED0967,12/2/2024,12/12/2024,12/18/2024,City,Suite,4,0,6,1101,6606,Checked-out
JED0968,5/5/2025,5/27/2025,6/2/2025,Resort,Deluxe,2,0,6,793,4758,Checked-out
JED0969,9/7/2025,10/1/2025,10/4/2025,Resort,Deluxe,2,0,3,896,2688,Checked-out
JED0970,8/11/2025,9/3/2025,9/7/2025,City,Standard,2,0,4,416,1664,Checked-out
JED0971,7/10/2025,7/31/2025,8/10/2025,City,Suite,2,1,10,1118,11180,Checked-out
JED0972,3/26/2025,4/10/2025,4/15/2025,Resort,Standard,2,0,5,578,2890,Checked-out
JED0973,1/4/2026,1/20/2026,1/21/2026,Resort,Suite,1,0,1,1411,1411,Checked-out
JED0974,11/21/2025,12/3/2025,12/5/2025,Resort,Standard,1,3,2,582,1164,Checked-out
JED0975,1/6/2025,1/19/2025,1/23/2025,City,Deluxe,3,0,4,636,2544,Checked-out
JED0976,1/13/2025,1/17/2025,1/24/2025,City,Suite,2,0,7,1094,7658,Checked-out
JED0977,1/7/2025,2/3/2025,2/7/2025,Resort,Standard,2,0,4,563,2252,Checked-out
JED0978,10/20/2025,11/17/2025,11/21/2025,Resort,Standard,2,0,4,461,1844,Checked-out
JED0979,11/9/2025,11/20/2025,11/22/2025,City,Standard,3,1,2,418,836,Cancelled
JED0980,8/7/2025,8/26/2025,8/31/2025,City,Deluxe,1,0,5,673,3365,Checked-out
JED0981,10/6/2024,11/3/2024,11/9/2024,City,Executive,2,1,6,848,5088,Checked-out
JED0982,1/19/2026,1/24/2026,1/27/2026,City,Standard,1,0,3,350,1050,Cancelled
JED0983,1/8/2026,2/3/2026,2/8/2026,City,Suite,1,0,5,965,4825,Cancelled
JED0984,4/15/2025,4/23/2025,5/2/2025,Resort,Standard,1,1,9,608,5472,Checked-out
JED0985,9/16/2025,9/23/2025,9/26/2025,City,Deluxe,3,0,3,686,2058,Checked-out
JED0986,2/10/2025,2/17/2025,2/21/2025,Resort,Family,1,1,4,899,3596,Cancelled
JED0987,9/23/2025,10/17/2025,10/20/2025,City,Standard,1,0,3,382,1146,Checked-out
JED0988,6/16/2025,7/3/2025,7/8/2025,Resort,Deluxe,2,1,5,901,4505,Cancelled
JED0989,12/11/2025,1/5/2026,1/9/2026,Resort,Standard,3,0,4,594,2376,Checked-out
JED0990,10/23/2024,11/11/2024,11/15/2024,City,Standard,2,2,4,345,1380,Checked-out
JED0991,11/22/2024,12/3/2024,12/8/2024,City,Standard,2,0,5,368,1840,Checked-out
JED0992,3/14/2025,3/19/2025,3/22/2025,City,Standard,1,2,3,446,1338,Checked-out
JED0993,4/20/2025,5/12/2025,5/19/2025,City,Deluxe,2,0,7,554,3878,Checked-out
JED0994,1/1/2026,1/29/2026,2/2/2026,Resort,Deluxe,2,1,4,798,3192,Cancelled
JED0995,12/22/2024,1/10/2025,1/12/2025,Resort,Deluxe,2,0,2,998,1996,Checked-out
JED0996,2/22/2025,3/23/2025,3/28/2025,City,Standard,2,2,5,413,2065,Checked-out
JED0997,12/24/2024,1/5/2025,1/10/2025,City,Standard,2,0,5,371,1855,Checked-out
JED0998,12/17/2024,12/22/2024,12/25/2024,City,Suite,1,0,3,957,2871,Checked-out
JED0999,12/31/2025,1/20/2026,1/26/2026,Resort,Family,2,0,6,869,5214,Checked-out
JED1000,10/1/2025,10/21/2025,10/28/2025,City,Standard,1,0,7,369,2583,Checked-out
